Gender,Married,Dependents,Education,Self_Employed,ApplicantIncome,CoapplicantIncome,LoanAmount,Loan_Amount_Term,Credit_History,Property_Area,Total_Income,LoanAmount_to_Income
1,1,0,1,0,-0.7868855638563705,-0.6601415692437526,-0.2407425437904112,0.23552820825545087,1.0,0,-0.936662410289011,0.7159120370950496
1,0,0,1,0,-0.19331248075948648,-0.09161259215386022,-0.6819289923500231,0.23552820825545087,1.0,2,-0.210548316512069,-0.4762791373733062
1,1,0,1,0,0.5199571043246385,1.966578627975916,-0.4402454598057396,0.23552820825545087,1.0,2,1.043133748261497,-0.6346015556971596
1,1,1,0,0,-0.40348270592848956,2.000586968321873,-0.5314467928413182,0.23552820825545087,0.0,2,0.16809326871576147,-0.5328096477368296
1,1,1,1,0,-0.8018476266047757,0.11930374191572049,-0.9566730081197039,0.23552820825545087,0.0,0,-0.7349366834222146,-0.3168370755271176
1,1,1,1,0,2.279402170644902,-0.6601415692437526,-0.9053722582871909,0.23552820825545087,0.0,2,2.000216969869608,-0.7483048512006
1,0,1,1,0,0.5772337507833768,-0.26916682512396295,1.1204373517656008,0.23552820825545087,1.0,0,0.4782614081939346,-0.23880983243450277
1,1,0,1,0,-0.7976395464567868,-0.6601415692437526,-0.22478231050918487,0.23552820825545087,0.0,1,-0.9469625362029555,0.7784515563552622
1,1,0,1,0,-0.33288047233445295,-0.6601415692437526,-0.22478231050918487,0.23552820825545087,1.0,2,-0.5018179640959614,-0.12703893629829718
1,1,2,0,0,-0.7130103790361203,-0.6601415692437526,0.3623262709073529,0.23552820825545087,1.0,1,-0.8659050235758268,0.9826877007474035
1,0,1,1,0,-0.9961206601035983,-0.10445659717763014,0.9973155521675694,0.23552820825545087,1.0,1,-0.9830353684798352,2.410664286868308
0,0,0,0,1,0.4266779943775504,0.4622144420786352,-1.079794807717735,0.23552820825545087,0.0,1,0.536792993278828,-0.7073254388208229
1,1,0,1,0,0.39348091765452653,-0.15615573689594944,0.606289836777526,0.23552820825545087,0.0,1,0.33358942225916144,-0.30319670474417526
1,1,0,1,0,0.1898565949379507,-0.6601415692437526,-0.6078279092586155,0.23552820825545087,1.0,0,-0.0011422783659619724,-0.51425188416403
0,1,2,1,0,-0.33521829463889125,-0.07933404647075935,-0.618088059225118,0.23552820825545087,0.0,1,-0.34306167555277284,-0.4002579757763043
0,1,0,0,0,-0.6802808667739841,0.29257663987790006,0.10924257173362188,0.23552820825545087,1.0,0,-0.570470542470209,0.11226089937179254
1,0,0,1,0,1.2315902137956567,-0.45391046971114446,-0.3319438768259899,0.23552820825545087,0.0,1,1.053792139424622,-0.6182977066221981
1,1,0,1,0,-0.9977571357167051,-0.6601415692437526,0.7180114697461097,0.23552820825545087,1.0,2,-1.1386344445146188,4.906179325358948
1,1,1,1,0,-0.19331248075948648,0.8312978317239489,-0.5975677592921128,-2.8057255568794965,1.0,2,0.04527546298100984,-0.5227867752317457
0,1,0,1,0,2.2567252942918508,-0.6601415692437526,-0.44594554312046325,0.23552820825545087,1.0,1,1.9784971391380295,-0.6951211200820838
1,1,0,1,0,-0.2777078659497091,-0.6601415692437526,-0.4402454598057396,0.23552820825545087,1.0,1,-0.44897383984181116,-0.2665712952874112
0,0,0,1,0,0.6873451813224207,3.8611097589348886,0.24718458794993492,0.23552820825545087,1.0,2,1.7286071278345054,-0.5969825708165373
0,0,0,0,0,-0.8217191161925013,2.7452161400772908,5.251857738277315,0.23552820825545087,1.0,2,-0.02608649634016669,1.2173272629572849
1,0,0,0,0,-0.20406646335990267,0.4467047001631394,1.0885168852031482,0.23552820825545087,1.0,2,-0.07163096614226068,0.022632271230432575
1,1,2,0,0,-0.26344714989263546,1.540060725299782,0.016901222035098525,0.23552820825545087,1.0,2,0.17456443477908742,-0.3947146943189886
0,1,1,1,0,-0.7562600916682288,0.2540446248065902,0.2734049711976636,0.23552820825545087,1.0,1,-0.6539239539512336,0.3312280352342699
1,1,1,0,0,-0.5996259972708629,-0.6601415692437526,0.42160713738047895,0.23552820825545087,0.0,1,-0.7573058699179334,0.6577979682795597
1,1,0,1,0,-0.6108475443321667,0.05783023359440645,-0.9213324915684172,2.2630307183454157,1.0,2,-0.5690374814734863,-0.41850068433723875
0,0,0,0,0,-0.03878242643611492,-0.13991897582816476,-0.27380302701580855,0.23552820825545087,1.0,2,-0.07593014913242879,-0.39172983140236856
1,1,0,0,0,-0.6742025287824446,0.12172713909001671,-0.2806431269934769,0.23552820825545087,0.0,1,-0.6120069197970941,-0.04254071136765543
1,1,0,1,0,-0.27396735026260777,-0.6601415692437526,-0.9749132747268198,0.23552820825545087,1.0,0,-0.4453911873500044,-0.5036669492108269
1,0,0,1,1,0.6854749234788701,0.011947247094398126,-0.30800352690415056,0.23552820825545087,0.0,1,0.6598571063723915,-0.5682578793438526
1,1,2,0,0,1.4548522438695142,-0.1302253871309799,-1.0512943911441168,0.23552820825545087,1.0,2,1.3573547633710266,-0.7456418976452712
0,1,0,1,0,-0.7899247328521404,-0.1329719039285156,-0.4938262429641421,-0.7782230467895316,1.0,1,-0.7934458769290343,0.086980617079577
1,0,0,0,0,-0.8616958775983962,-0.09872122386512909,1.2754796179260846,0.23552820825545087,1.0,1,-0.8526939925122892,1.6947268881690074
1,1,0,1,0,-0.8221866806533888,-0.6601415692437526,-0.5097864762453683,0.23552820825545087,0.0,0,-0.9704736931804375,0.5697277747008181
1,1,0,1,0,0.07647221317269322,-0.6601415692437526,0.469487837224158,2.2630307183454157,1.0,0,-0.1097414320238554,-0.14465437802308392
1,0,3,1,1,-0.4460310718692666,0.23481900722384022,1.8238276328025016,0.23552820825545087,1.0,1,-0.3621169084935703,0.5853550195027667
1,1,0,1,0,-0.7854828704737076,-0.6601415692437526,0.02716137200160119,0.23552820825545087,1.0,2,-0.9353189156045834,0.98587495704736
1,0,0,0,0,-0.14912763920560262,-0.008328509263880235,0.36118625424440826,0.23552820825545087,1.0,2,-0.14514251695852137,-0.1583693634075213
0,1,3,1,0,-0.36771402467058356,-0.15195518179383596,-0.2601228270604716,0.23552820825545087,1.0,0,-0.3943159977636838,-0.22686063545384422
1,0,0,0,0,-0.7693518965730833,-0.6601415692437526,-0.6283482091916206,0.23552820825545087,1.0,2,-0.9198687267336666,0.26423109085459556
1,1,1,1,0,0.5765324040920453,-0.2757907774003726,1.3017000011738136,0.23552820825545087,1.0,1,0.47575355144966985,-0.1996742762499285
1,0,0,1,1,-0.10470901542127495,1.2038547573190872,0.580069453529797,0.23552820825545087,1.0,2,0.23340950195701404,-0.27424216865075096
1,1,0,1,0,-0.19237735183771115,0.14184133563667528,-0.8016307419592202,0.23552820825545087,1.0,0,-0.14494099275585712,-0.5360640716165769
0,1,0,1,0,-0.8600594019852893,1.1406040910699558,-1.2382571238670532,-2.8057255568794965,0.0,0,-0.5075949912389999,-0.6015680255588886
1,0,0,1,0,1.1616893268929516,-0.0774761086371323,-1.1801162740568718,0.23552820825545087,1.0,1,1.0911860748078555,-0.7548475811182023
1,0,0,0,1,0.6506413711427395,-0.35422806594176015,-1.2656175237777267,0.23552820825545087,1.0,2,0.5249926316339394,-0.7446229312883129
1,1,0,1,0,-1.0297853012875098,-0.6601415692437526,-0.669388809057631,0.23552820825545087,0.0,0,-1.1693109064757146,2.268206202144363
1,0,0,1,0,0.4091443270942632,0.45914480565785987,-0.3273838101742109,0.23552820825545087,1.0,2,0.5191484297566797,-0.5508881873127685
1,1,0,1,0,0.06969252848982214,-0.6601415692437526,-1.1595959741238664,0.23552820825545087,1.0,2,-0.11623498966525521,-0.6569582314480784
1,1,0,1,0,1.2647872905186806,0.7499524665734058,-0.13472099413655086,0.23552820825545087,1.0,0,1.4192898683231365,-0.6214975701488878
1,0,1,1,1,0.7815594201912842,1.4699437670568116,-0.857491558443512,0.23552820825545087,0.0,2,1.1560320849095584,-0.7079537843221992
1,0,0,1,0,-0.42849740458597935,0.6935680923181139,-0.656848625765239,0.23552820825545087,0.0,1,-0.21816145305715845,-0.46499243817719405
1,0,2,0,0,-0.2802794704845912,-0.15357077991003343,-1.1516158574832533,0.23552820825545087,1.0,2,-0.31101932732917575,-0.6169970394567633
1,1,3,1,0,-0.8775930692685766,-0.6601415692437526,-1.050154374481172,0.23552820825545087,0.0,2,-1.0235417332153256,0.10771107708999385
1,0,2,0,0,-0.38781929648875296,-0.6601415692437526,-0.891692058331854,0.23552820825545087,1.0,0,-0.5544381725693737,-0.41193167160877137
0,0,0,1,0,-0.49722938033646535,-0.6601415692437526,-0.2806431269934769,0.23552820825545087,1.0,1,-0.6592307579547224,0.016590653110576153
1,0,1,1,0,-0.9626898011501307,0.4913759880759996,0.38284657084035795,0.23552820825545087,1.0,0,-0.7858551319620187,0.712986368086581
1,1,0,1,0,0.9826121383729779,-0.6601415692437526,-1.2872778403736767,0.23552820825545087,1.0,2,0.7581561341163403,-0.7598769728075124
1,1,0,0,0,-0.2973455733069908,2.2163500967400465,-0.5166265762230368,0.23552820825545087,1.0,0,0.3295589382058788,-0.5602817584359104
0,1,0,1,1,-0.6085097220277284,-0.6601415692437526,-0.3672843933772766,0.23552820825545087,1.0,0,-0.7658146695859744,0.1276490342184541
1,1,2,0,0,-0.2678890122710682,-0.06883265871547575,-0.4254252431874581,0.23552820825545087,1.0,0,-0.2756630255506575,-0.35894760017350624
1,1,1,1,0,-0.27630517256704606,0.6901753362740991,-1.216596807271103,0.23552820825545087,1.0,0,-0.07333272607586878,-0.6809443039427395
0,1,2,1,0,-0.33521829463889125,-0.07933404647075935,-0.618088059225118,0.23552820825545087,0.0,1,-0.34306167555277284,-0.4002579757763043
1,1,0,1,1,-0.09301990389908346,0.24645131366046197,0.6838109698577677,0.23552820825545087,1.0,0,-0.020779692336677917,-0.13049689390344832
1,1,1,0,0,0.6244577613330304,0.11930374191572049,-1.054714441132951,0.23552820825545087,1.0,1,0.6311734948598632,-0.7091564081887121
1,0,0,0,0,0.9863526540600792,-0.009055528416169082,1.0144158021117404,0.23552820825545087,1.0,2,0.9422149058829143,-0.3818727310613123
1,1,3,1,0,-0.9580141565412541,1.1107155259203023,1.5570637336734336,0.23552820825545087,1.0,0,-0.6097005872554935,0.9534635946682842
1,1,0,1,0,2.0479577625055105,1.2042586568481364,2.668579980044549,0.23552820825545087,1.0,2,2.2953379688821927,-0.3834510572211935
1,1,0,1,0,2.9031331614690403,-0.6601415692437526,-0.10394054423704317,0.23552820825545087,1.0,1,2.5976242728783907,-0.6859359912762281
1,1,2,1,1,1.107451849429983,-0.6601415692437526,-0.22136226052035088,0.23552820825545087,1.0,0,0.8777271610303921,-0.5809714073057582
1,1,2,1,1,-0.6980483162877152,0.5950973871358777,1.3210802844438738,0.23552820825545087,1.0,1,-0.5036316819199386,0.6027368654175265
1,1,0,1,0,-0.13743852768341114,2.9047564540517916,-1.182396307382761,0.23552820825545087,1.0,1,0.6735383605754787,-0.736322255922891
1,1,1,1,0,-0.48530648658383,-0.6601415692437526,-0.0469397110898065,0.23552820825545087,0.0,2,-0.6478110531370882,0.13593563341195244
1,1,0,1,0,-0.6314203806112237,-0.5498769978132747,-0.11648072752943518,0.23552820825545087,1.0,0,-0.7571939120275644,0.2855576387524288
1,1,0,0,0,-0.3160481517424972,-0.6601415692437526,-0.605547875932726,0.23552820825545087,1.0,2,-0.4856960278828308,-0.3166466457973608
1,0,0,1,0,0.3581798008575082,-0.6601415692437526,0.09328233845239588,0.23552820825545087,1.0,2,0.16007708376534374,-0.3706324611003921
1,0,2,1,1,-0.2662525366579614,0.1496769865002331,-1.1459157741685297,0.23552820825545087,1.0,0,-0.21352639639588344,-0.6354434127311832
1,1,2,1,0,0.6854749234788701,-0.6601415692437526,-0.4254252431874581,0.23552820825545087,1.0,1,0.4735591767984382,-0.564072048071822
1,1,0,1,0,0.4666547557834453,-0.6601415692437526,-0.14498114410305352,0.23552820825545087,0.0,0,0.26397400602774074,-0.459247130972447
1,0,0,0,0,2.1150532626428897,-0.6601415692437526,-0.08228022764109318,0.23552820825545087,1.0,1,1.8428041760108471,-0.6452841113854061
1,1,0,1,0,-0.4338743958861874,2.865578199734003,-0.776550375374436,0.23552820825545087,0.0,0,0.378753235234001,-0.6266745549961812
1,0,3,1,1,-0.053510706954076205,-0.6601415692437526,0.10810255507067722,0.23552820825545087,0.0,2,-0.2342386061141415,-0.19006284704173343
1,1,2,1,0,1.3931337350323432,-0.2828186292058316,0.6917910864983811,0.23552820825545087,1.0,0,1.2559433062748206,-0.48598901883306317
0,1,2,1,0,-0.37285723374034785,-0.4085929425518053,-0.44594554312046325,0.23552820825545087,1.0,0,-0.47038018848035673,-0.2542319468027482
1,1,2,1,0,-0.47408493952252617,-0.6601415692437526,-0.2726630103528639,0.23552820825545087,1.0,0,-0.6370630956616679,-0.007700475690573535
1,1,0,1,0,-0.327269698803801,-0.6601415692437526,-0.7275296588678125,0.23552820825545087,1.0,1,-0.4964439853582512,-0.36652659853953873
1,1,0,0,0,0.7782864689650706,-0.6601415692437526,0.05338175524933019,0.23552820825545087,1.0,0,0.5624537417513943,-0.4810463956211302
1,0,0,1,0,-0.8895159630212119,1.1338185789819266,-0.9749132747268198,0.23552820825545087,1.0,1,-0.5376892721701768,-0.4623900132997715
1,1,0,0,0,1.4943614408145216,0.2959693959219146,2.7506611797765697,0.23552820825545087,1.0,2,1.5133344962330648,-0.24436215928256813
1,1,3,0,0,-0.4392513871863955,-0.6601415692437526,-1.0022736746374932,0.23552820825545087,1.0,0,-0.6036996443317171,-0.4408945399096741
1,1,0,1,0,1.1565461178231873,-0.11180756860632869,0.32242568770428726,0.23552820825545087,0.0,1,1.0767435069502593,-0.517237502960426
1,1,0,1,1,0.489097849906053,-0.6601415692437526,-0.0469397110898065,0.23552820825545087,1.0,1,0.28546992097858154,-0.44128002422219603
1,1,1,1,0,-0.21037858358188607,0.07317841569828248,0.4193271040545896,0.23552820825545087,1.0,0,-0.1812153492354009,-0.11675084005650326
1,1,0,1,0,-0.043925635505879176,-0.6601415692437526,0.575509386878018,0.23552820825545087,0.0,0,-0.22505805910388657,-0.03256738263768128
1,1,0,1,0,-0.41353534183757423,0.430871838624404,-0.6648287424058521,-2.8057255568794965,1.0,1,-0.27664825498590434,-0.4462244605181426
1,0,1,1,0,1.705233012674856,-0.6601415692437526,-1.3533988068244711,0.23552820825545087,1.0,1,1.4502798123772653,-0.7901700563654391
1,1,1,0,0,-0.6265109537719032,0.6814511064466328,0.7909725361745727,0.23552820825545087,1.0,1,-0.41117685605324944,0.22843155665960505
1,0,0,1,0,0.4091443270942632,0.45914480565785987,-0.3273838101742109,0.23552820825545087,1.0,2,0.5191484297566797,-0.5508881873127685
1,1,1,1,0,1.1399475794616754,-0.6601415692437526,-0.15638131073250086,0.23552820825545087,1.0,0,0.9088514545529636,-0.5736522952446039
0,1,0,1,0,-0.38337743411032016,-0.3730497839954608,-0.9874534580192117,0.23552820825545087,1.0,2,-0.47060410426109467,-0.49897525050827485
1,1,2,1,0,-0.6164583178628186,-0.6601415692437526,-0.6830690090129679,-2.8057255568794965,0.0,1,-0.7734278061310639,-0.08329361540293298
1,1,0,1,0,-0.3730910159707917,0.65762103423272,1.5422435170551518,0.23552820825545087,0.0,2,-0.17505766526510796,0.25364843684473326
1,1,0,1,0,-0.27396735026260777,-0.6601415692437526,-0.9749132747268198,0.23552820825545087,1.0,0,-0.4453911873500044,-0.5036669492108269
1,1,1,0,1,0.09073292922976685,0.7829914480496443,3.399330660992123,0.23552820825545087,1.0,1,0.3039429728894603,0.35985769339750656
0,0,0,1,0,-0.16806399987155285,-0.6601415692437526,-0.737789808834315,0.23552820825545087,0.0,0,-0.34395733867572453,-0.44680388222582784
0,1,0,1,1,-0.6431094921334152,-0.34469603705619506,0.34978608761496094,0.23552820825545087,0.0,0,-0.7115150927570277,0.49504765677275314
1,0,1,1,0,-0.4189123331377823,3.172945741340573,-0.3273838101742109,0.23552820825545087,1.0,2,0.47828379977200847,-0.5441415465431279
0,1,2,0,0,0.7095544932145845,0.06065753029775204,-0.4254252431874581,0.23552820825545087,1.0,1,0.6964225533668944,-0.5953731371373667
0,0,0,1,0,-0.848136508232654,0.02761854882151364,-1.1094352409542982,0.23552820825545087,1.0,0,-0.8046864491220782,-0.35821037729466265
0,1,0,0,0,0.6366144373161097,1.813016027031346,-0.5382868928189867,0.23552820825545087,1.0,1,1.112301332931442,-0.6558590693141967
1,1,2,1,0,-0.3106711604422891,-0.6601415692437526,0.7111713697684414,0.23552820825545087,1.0,1,-0.48054596492585855,0.2827632760801298
1,0,0,1,0,-0.5299588925986015,-0.6601415692437526,-0.11990077751826951,-2.8057255568794965,1.0,1,-0.6905789672580318,0.1598612611077348
1,1,2,1,1,-0.5706370006958279,-0.6601415692437526,-1.098035074324851,0.23552820825545087,0.0,1,-0.7295403131064306,-0.4148018641347371
0,1,3,1,1,0.4916694544409351,1.6271414637628263,-0.4516456264351869,0.23552820825545087,0.0,0,0.9219505277261322,-0.6250805059890195
0,1,3,0,1,-0.7097374278099067,-0.6601415692437526,-1.1641560407756455,0.23552820825545087,1.0,1,-0.8627702026454959,-0.3405298237773881
1,1,0,0,0,1.203770128372841,-0.6601415692437526,1.4145616508053418,-2.8057255568794965,0.0,0,0.969980462694417,-0.3214279174318583
1,1,0,1,0,-0.39553411009339934,-0.16811116295581072,-0.5702073593814393,0.23552820825545087,1.0,0,-0.4254402912862553,-0.33786717663847116
1,1,0,1,0,-0.5886382324400028,-0.6601415692437526,0.37942652085152395,0.23552820825545087,1.0,0,-0.7467818282232509,0.6005952850977223
1,1,2,1,0,0.38109045944100356,1.6220523296968041,-0.4790060263458606,0.23552820825545087,1.0,2,0.814627694018445,-0.6187986700618879
1,0,0,1,0,-0.19331248075948648,-0.09161259215386022,-0.6819289923500231,0.23552820825545087,1.0,2,-0.210548316512069,-0.4762791373733062
0,1,0,0,0,0.6366144373161097,1.813016027031346,-0.5382868928189867,0.23552820825545087,1.0,1,1.112301332931442,-0.6558590693141967
1,1,1,0,0,0.6782276743351113,2.74553925970053,0.3030454044342266,0.23552820825545087,1.0,0,1.4106467191866525,-0.5602267071838917
0,0,0,1,0,-0.35415465530484147,-0.6601415692437526,0.7351117196902807,0.23552820825545087,0.0,2,-0.5221943001431125,0.35469370183912596
1,0,0,1,0,-0.9739113482114345,-0.6601415692437526,-0.32396376018537676,0.23552820825545087,1.0,2,-1.1157950348793506,2.0665983448401506
1,1,2,1,0,-0.59518413489243,-0.6601415692437526,1.0109957521229065,0.23552820825545087,1.0,0,-0.7530514700839128,1.050407363920049
1,1,2,1,0,-0.48624161550560535,-0.6601415692437526,-0.0469397110898065,0.23552820825545087,1.0,0,-0.64870671626004,0.13728458779910332
1,1,1,1,0,-0.3326466901040091,-0.6601415692437526,3.3240895612377708,0.23552820825545087,1.0,2,-0.5015940483152235,1.5401019840075383
1,1,1,0,0,-0.8581891441417387,-0.6601415692437526,-0.47558597635702626,0.23552820825545087,1.0,2,-1.004956723414078,0.7787287692106944
1,1,0,1,0,-0.7279724417845255,-0.20632005840388112,1.0736966685848668,0.23552820825545087,1.0,0,-0.7544397479244879,1.098352757686042
1,1,0,1,0,0.00914293080487021,0.13804468006361126,0.1423030549590192,0.23552820825545087,1.0,0,0.04702200607076569,-0.31720858658063206
1,1,0,1,0,-0.727271095093194,-0.6601415692437526,0.3190056377154529,0.23552820825545087,1.0,2,-0.8795638862008401,1.0034313901649063
1,1,1,1,0,0.18214178133330433,-0.6601415692437526,-0.4356853931539606,0.23552820825545087,1.0,1,-0.008531499130313484,-0.4623719950236373
1,0,1,1,0,0.26116017522331886,0.1905516188400292,-0.2567027770716375,0.23552820825545087,1.0,0,0.3029577434542135,-0.4947545751762585
1,1,1,1,0,-0.4640323036134415,-0.6601415692437526,-1.2416771738558874,0.23552820825545087,1.0,1,-0.627434717089937,-0.5601802667808464
1,1,1,0,0,0.10101934736929535,1.0821194392636073,-0.8688917250729594,0.23552820825545087,1.0,1,0.3967112808491825,-0.6493895014553032
1,1,0,1,0,-0.327269698803801,-0.6601415692437526,-0.7275296588678125,0.23552820825545087,1.0,1,-0.4964439853582512,-0.36652659853953873
1,0,0,1,0,-0.5381412706641355,0.37755710078988725,-1.1436357408426403,0.23552820825545087,1.0,1,-0.41077380764792126,-0.5881080122918552
0,1,2,1,0,1.5614569409519008,-0.43678512967945127,0.5128084704160577,0.23552820825545087,1.0,2,1.3744843205974777,-0.5269728289841683
1,1,0,1,0,4.176077406235694,1.8524366210665646,0.9950355188416801,0.23552820825545087,0.0,1,4.513313343403632,-0.6672801905031412
1,1,2,1,0,0.17208914542421966,0.685166982113887,0.0522417385863852,0.23552820825545087,0.0,2,0.3547494635388953,-0.4356842547229349
1,1,0,1,0,-0.23843245123514564,1.4098435171342656,-0.46418580972757895,2.2630307183454157,0.0,2,0.16242819946309195,-0.5143535942043705
1,0,0,1,1,-0.2559661185184329,0.6752310536992725,-0.3536041934219399,0.23552820825545087,1.0,2,-0.057994495095320946,-0.42236648046663194
1,1,0,0,0,-0.9395453603361915,-0.6601415692437526,-0.43454537649101593,0.23552820825545087,1.0,1,-1.0828794151108756,1.4332485404280788
1,1,0,0,0,0.35794601862706443,0.022206295132252144,-0.2065420439020692,0.23552820825545087,0.0,2,0.34899482797393067,-0.4931110151699973
1,1,0,1,0,0.07951138216846301,0.3841810530662969,-0.1769016106655062,0.23552820825545087,1.0,1,0.1826477944637266,-0.44618865981666156
1,1,1,1,0,-0.27630517256704606,0.6901753362740991,-1.216596807271103,0.23552820825545087,1.0,0,-0.07333272607586878,-0.6809443039427395
0,0,0,1,0,-0.5799882899135811,0.21252375322031491,-1.3385785902061897,-2.8057255568794965,1.0,1,-0.4966007264047677,-0.6517331364715175
1,1,0,1,1,1.9240531803702807,-0.6601415692437526,0.18106362149914024,-2.8057255568794965,1.0,2,1.6598649831479626,-0.5996120537528228
1,1,3,1,0,0.16227029174557878,-0.38670158807732946,1.944669399074643,0.23552820825545087,1.0,2,0.0482311512867504,0.18368433622673994
0,1,0,1,0,0.4970464457411432,0.09725082762962496,0.8388532360182515,0.23552820825545087,1.0,1,0.5030264935435491,-0.3056965988017172
1,1,0,1,0,-0.05000397349741875,0.009685409731721694,0.35206612094085027,0.23552820825545087,1.0,2,-0.045208904015185576,-0.21574936601598177
1,1,2,1,0,-0.5961192638142054,-0.035066658086948505,-0.5303067761783736,0.23552820825545087,1.0,2,-0.5806811020718584,-0.2076807771324375
1,1,0,1,1,2.2712197925793682,-0.6601415692437526,-0.4014848932656186,0.23552820825545087,1.0,2,1.9923799175437806,-0.6906869763266681
0,1,0,1,0,-0.21879474387786393,1.4573421017504715,-0.34334404345543723,0.23552820825545087,0.0,2,0.19440337295246762,-0.4910916881734775
1,1,0,1,0,4.6600066232544215,-0.6601415692437526,1.1637579849575004,0.23552820825545087,1.0,1,4.280351365123894,-0.6485478311964765
1,1,0,1,0,-0.18910440061149755,-0.6601415692437526,-0.6728088590464654,0.23552820825545087,1.0,2,-0.36410975894213776,-0.4121958131043909
1,1,0,1,0,1.1897431945462111,0.26204183548176757,-0.7400698421602045,-2.8057255568794965,0.0,2,1.2121677711405563,-0.6934760490266907
1,1,0,0,0,3.002256827177224,-0.6601415692437526,1.003015635482293,0.23552820825545087,1.0,0,2.692564563911271,-0.5857426790118835
0,1,0,0,1,-0.5886382324400028,-0.6601415692437526,-0.9589530414455933,0.23552820825545087,1.0,1,-0.7467818282232509,-0.30707961297124003
1,0,0,0,0,-0.043224288814547686,-0.6601415692437526,-0.610107942584505,0.23552820825545087,1.0,1,-0.22438631176167279,-0.44649745126029305
1,1,2,1,0,-0.742466940072043,-0.3820163535403568,-0.2589828103975269,0.23552820825545087,1.0,0,-0.8170242086407378,0.3149348195446486
1,1,0,1,0,-0.08530509029443707,0.2126045331261249,0.7453718696567834,0.23552820825545087,0.0,0,-0.02277254278524557,-0.11130593537276244
0,0,0,1,0,-0.758831696203111,0.7892922807028144,-0.5268867261895392,0.23552820825545087,1.0,2,-0.5080204312224018,-0.2645059947687434
1,1,0,0,0,-0.7031915253574795,-0.30414452433963834,1.1113172184620428,0.23552820825545087,1.0,1,-0.7578208762136306,1.1365101917405613
0,0,1,1,0,0.7838972424957225,0.11478006719036754,-0.46646584305346844,0.23552820825545087,1.0,2,0.7826301289509954,-0.613073641137761
0,1,0,1,0,-0.48881322004048744,0.2870028263770187,-0.4049049432544529,0.23552820825545087,0.0,2,-0.38862853693294047,-0.2903032578160757
1,1,0,0,0,-0.22043121949097075,0.2596184383074714,-1.0011336579745487,0.23552820825545087,1.0,1,-0.1391639656128186,-0.6020566453314306
1,1,0,1,0,-0.7892233861608089,-0.6601415692437526,0.27910505451238726,0.23552820825545087,1.0,0,-0.9389015680963901,1.2659194678827832
1,1,0,0,0,1.4943614408145216,0.2959693959219146,2.7506611797765697,0.23552820825545087,1.0,2,1.5133344962330648,-0.24436215928256813
1,1,2,1,0,-0.07969431676378515,-0.6601415692437526,0.545868953641455,0.23552820825545087,1.0,1,-0.259317173556789,-0.016514526318916076
1,0,0,0,0,0.3953511754980772,-0.6601415692437526,2.1270720651458004,0.23552820825545087,1.0,0,0.19567969290267376,0.12804183699181168
1,0,0,0,1,-0.970404614754777,-0.5338017965571098,-0.558807192751992,-1.791974301834514,0.0,1,-1.0774158700608705,1.1675842865486061
1,0,0,1,1,-0.7029577431270356,-0.6601415692437526,-0.9703532080750408,0.23552820825545087,0.0,1,-0.8562766450040961,-0.18401448156780856
1,0,1,1,1,-0.8528121528415306,-0.07287165400596944,-0.4026249099285634,0.23552820825545087,1.0,1,-0.8370198878606345,0.24862728660500616
1,0,0,1,1,-0.258537723053315,1.2993366059863578,-0.7218295755530888,0.23552820825545087,1.0,0,0.1125397635146823,-0.5710985511050384
1,1,0,1,0,-0.9657289701459004,0.40841502480925906,0.44098742065053964,0.23552820825545087,1.0,2,-0.8117621877933966,0.8403709363553575
1,0,0,1,0,-0.04112024874055322,-0.3213506442771415,-0.5451269927966551,0.23552820825545087,1.0,2,-0.12846079129354598,-0.45828648950142603
1,1,0,1,0,-0.6657863684864667,-0.6601415692437526,0.18904373813975323,0.23552820825545087,1.0,1,-0.820674035866766,0.6744932002204989
1,1,0,1,0,-0.10400766872994346,-0.6601415692437526,-1.3773391567463107,0.23552820825545087,1.0,2,-0.2826044147535332,-0.706565932203424
1,1,2,0,0,0.6686426028869144,0.39290528289376325,2.9923447123208535,0.23552820825545087,1.0,1,0.7493338523552662,0.02360649152564753
1,0,3,1,0,-0.18115580477640733,0.003223017266931784,-0.9224725082313618,0.23552820825545087,1.0,0,-0.17261698325506467,-0.5686936208863038
1,0,3,1,0,0.149646051301612,1.916171966750555,0.38398658750330295,0.23552820825545087,1.0,2,0.6744788068545777,-0.4388759974279314
1,1,2,0,0,-0.6470837900509603,1.319854702062066,0.9699551522568958,0.23552820825545087,1.0,0,-0.25392080324100497,0.13126787242366417
1,1,0,0,0,1.203770128372841,-0.6601415692437526,1.4145616508053418,-2.8057255568794965,0.0,0,0.969980462694417,-0.3214279174318583
1,1,2,1,0,-0.6164583178628186,-0.6601415692437526,-0.6830690090129679,-2.8057255568794965,0.0,1,-0.7734278061310639,-0.08329361540293298
1,1,0,1,0,-0.7024901786661479,2.2032637519988465,1.0178358521005748,0.23552820825545087,1.0,2,-0.06211454546089888,-0.005449844832270875
1,1,0,1,1,-0.8053543600614331,1.2280079491562395,0.19018375480269822,0.23552820825545087,1.0,2,-0.430971011070482,-0.006437447610972247
1,1,2,0,0,0.5519852698954433,0.37860723956541575,-0.6488685091246258,0.23552820825545087,1.0,1,0.6336365684479803,-0.6306193909440038
0,1,2,0,0,-0.9339345868055395,-0.6601415692437526,-0.17348156067667186,0.23552820825545087,1.0,1,-1.0775054363731655,1.818807279242444
1,1,0,0,1,-0.6978145340572713,-0.1765122731600376,0.507108387101334,0.23552820825545087,0.0,0,-0.7172921199000662,0.6096269901562161
1,0,3,1,0,-0.316281933972941,-0.6601415692437526,0.5048283537754447,0.23552820825545087,0.0,0,-0.4859199436635687,0.19513017600469265
1,1,0,1,0,-0.2660187544275176,-0.6601415692437526,0.468347820561213,-2.8057255568794965,0.0,0,-0.43777805080491494,0.12119215169739835
1,1,0,1,0,-0.4338743958861874,2.865578199734003,-0.776550375374436,0.23552820825545087,0.0,0,0.378753235234001,-0.6266745549961812
1,1,0,1,0,-0.27911055933237205,0.9323534938921011,-0.2703829770269742,0.23552820825545087,1.0,0,-0.008889764379494245,-0.41424871050240447
1,1,1,1,1,0.2006105775383669,-0.6601415692437526,-0.9703532080750408,0.23552820825545087,1.0,0,0.009157847547982559,-0.6207049191955629
0,0,3,0,1,-0.7384926421544978,-0.6601415692437526,-0.8084708419368886,0.23552820825545087,1.0,0,-0.8903118436762606,0.01918303776698859
0,0,2,1,0,-0.010260994321967672,0.2640613331270144,-0.7925106086556624,0.23552820825545087,1.0,2,0.06336785806463419,-0.5806812939498253
1,0,0,1,0,0.04397648314100086,-0.6601415692437526,1.6209046667983389,0.23552820825545087,1.0,2,-0.14086572554642693,0.24669955863737614
1,1,0,0,0,-0.4479013297128172,-0.6601415692437526,0.07504207184527988,0.23552820825545087,0.0,1,-0.6119845282190203,0.15136902637438135
0,1,0,1,0,0.15993246944114048,1.0093367441289107,-0.036679561123303825,0.23552820825545087,1.0,0,0.4329632457506524,-0.47337821864158963
1,1,0,1,0,-0.7609357362771054,-0.6601415692437526,-0.30116342692648207,0.23552820825545087,1.0,0,-0.9118077586271013,0.5575008060562613
1,1,0,1,0,-0.7532209226724591,-0.6601415692437526,-0.793650625318607,0.23552820825545087,1.0,2,-0.9044185378627498,0.0640683116130537
1,1,1,1,1,-0.5428169152730121,-0.1262671717462961,-0.45050560977224224,0.23552820825545087,0.0,2,-0.5549083957089233,-0.18953991071333212
1,1,0,1,0,0.47366822269676023,0.10670207660938015,-0.8187309919033912,0.23552820825545087,1.0,0,0.48325473010439035,-0.6483077145969016
1,0,0,1,0,-0.9063482836131677,-0.6601415692437526,-0.2977433769376479,0.23552820825545087,0.0,1,-1.0510833742460903,1.3482391456681546
1,1,0,0,0,-0.9895747576511711,-0.46473497708966766,-0.7617301587561545,0.23552820825545087,1.0,0,-1.0766321648282877,0.8193301304491235
0,0,1,1,0,-0.40020975470227593,-0.6601415692437526,-0.6408883924840126,0.23552820825545087,1.0,0,-0.5663057089484836,-0.27670118115766806
1,0,0,1,1,-0.8570202329895196,1.8306260464978985,-1.23027700722644,0.23552820825545087,1.0,0,-0.3134152261830717,-0.6463496752943775
1,1,0,0,0,-0.756026309437785,2.8360127542075886,0.0864422384747272,0.23552820825545087,1.0,1,0.062001971802132766,-0.3383903611029707
1,1,0,0,0,-0.39015711879319126,-0.006955250865112343,1.4487621506936839,0.23552820825545087,1.0,0,-0.375619030072067,0.4540573284514635
1,1,2,1,1,0.5566609145043199,0.36180501915696184,-0.635188309169289,0.23552820825545087,1.0,2,0.6334574358233902,-0.6279462091837184
0,1,0,0,0,-0.12738589177432644,-0.31222251492062575,-0.9806133580415434,0.23552820825545087,0.0,2,-0.20855546606350156,-0.5795911385457096
0,0,0,1,0,-0.19939081875102604,0.008716050862003171,-0.7343697588454808,0.23552820825545087,0.0,2,-0.18855978684360486,-0.5012611130394347
1,1,0,1,0,0.9828459206034217,0.32957383673882223,-0.09938047758526418,0.23552820825545087,1.0,0,1.0327216644571837,-0.5788693596114216
1,1,0,1,0,-0.7109063389621258,0.32981617645625183,-1.255357373811224,0.23552820825545087,1.0,2,-0.5894809922548588,-0.5825939285046104
0,1,0,1,0,-0.5341669727465904,4.576738944504561,0.708891336442552,0.23552820825545087,1.0,1,0.7570141636345769,-0.3959191580452597
1,1,0,1,0,0.8554346050115345,0.9699969299995023,0.6199700367328627,0.23552820825545087,1.0,0,1.088207994924041,-0.4720882651296775
1,1,1,1,0,-0.25316073175310694,-0.6601415692437526,-0.028699444482690822,0.23552820825545087,1.0,0,-0.4254626828643291,-0.10559810705879132
1,0,2,1,0,-0.2569012474402082,-0.6601415692437526,0.7864124695227938,0.23552820825545087,0.0,2,-0.42904533535613587,0.24848755196810102
1,1,1,1,0,-0.05374448918452003,0.14725358932593688,1.4692824506266893,0.23552820825545087,1.0,1,-0.010658699047323767,0.09237522234543842
1,0,0,1,0,1.3276747105080708,-0.6601415692437526,0.27226495453471894,0.23552820825545087,1.0,2,1.088655826485517,-0.5267441197446372
1,1,0,1,0,0.10966928989571706,0.2113928345389768,0.9847753688751775,-0.7782230467895316,1.0,2,0.16363734467907665,-0.14335628118030092
1,1,2,1,0,-0.932064328961989,-0.6601415692437526,-0.2532827270828032,0.23552820825545087,0.0,1,-1.075714110127262,1.6638784421400648
0,0,0,1,0,1.757600232294274,-0.6601415692437526,0.605149820114581,0.23552820825545087,0.0,0,1.5004369472625603,-0.5288873734048589
1,1,0,0,0,-0.6980483162877152,-0.6601415692437526,-0.3023034435894269,0.23552820825545087,1.0,0,-0.8515744136085995,0.3680831240526233
1,1,0,1,0,-0.006520478634866394,-0.6601415692437526,-1.247377257170611,0.23552820825545087,1.0,0,-0.18923153418581865,-0.6742749887590556
1,1,3,1,0,-0.6304852516894484,0.9541640684607671,-0.9543929747938144,0.23552820825545087,0.0,2,-0.33938945674867094,-0.5332702622282918
1,0,0,1,0,-1.0613459023974268,-0.10284099906143267,-0.20426201057617988,0.23552820825545087,0.0,1,-1.0450600397442402,1.4340403604447227
1,1,1,1,0,4.141477636130007,-0.6601415692437526,-0.6728088590464654,0.23552820825545087,1.0,1,3.783706163447178,-0.7648724346838081
1,0,2,1,0,1.3265057993558516,0.3686713111508011,-0.6329082758433996,2.2630307183454157,1.0,1,1.3727153859296484,-0.6875091947201835
0,1,0,1,0,2.2567252942918508,-0.6601415692437526,-0.44594554312046325,0.23552820825545087,1.0,1,1.9784971391380295,-0.6951211200820838
1,1,0,1,0,2.0668941231714606,0.7693396439677755,-0.9372927248496434,0.23552820825545087,1.0,1,2.192918890772666,-0.7570346111954499
1,1,2,1,0,-0.7356872553891718,-0.6601415692437526,-1.149335824157364,0.23552820825545087,1.0,0,-0.8876248543074055,-0.2966454863006006
1,1,2,1,0,0.06548444834183322,0.6572171347036706,0.25402468792760324,0.23552820825545087,1.0,0,0.2448963815088696,-0.3576304291672222
1,0,2,1,0,-0.6127178021757174,-0.14145379403855235,0.708891336442552,-5.644229071005447,1.0,1,-0.6260688308274357,0.5250213921792967
1,1,0,1,1,-0.04112024874055322,3.8412379021056595,-0.7856705086779938,-2.8057255568794965,0.0,2,1.0253772268489794,-0.6887031529133196
1,1,1,0,1,0.40774163371160016,0.22399449984531705,0.04996170526049586,0.23552820825545087,0.0,0,0.45262305129944225,-0.459002236956045
0,1,0,1,0,-0.9991598290993681,-0.6601415692437526,0.8559534859624224,0.23552820825545087,1.0,0,-1.1399779391990466,5.278522315973443
1,0,0,1,0,0.9716243735421178,-0.6601415692437526,-1.1048751743025194,0.23552820825545087,1.0,0,0.7476320924216578,-0.7260371523625383
1,1,3,0,0,-0.23983514461780864,0.41140388132422445,-0.5086464595824236,0.23552820825545087,1.0,0,-0.1156752002134104,-0.4509036489481997
1,1,0,0,1,-0.7165171124927778,-0.6601415692437526,-0.24416259377924554,0.23552820825545087,1.0,1,-0.8692637602868957,0.46857294645175906
1,1,0,1,0,-0.9713397436765524,-0.6601415692437526,0.9779352688975091,0.23552820825545087,1.0,0,-1.1133319612912334,4.648261007317358
1,1,0,1,0,-0.05000397349741875,0.009685409731721694,0.35206612094085027,0.23552820825545087,1.0,2,-0.045208904015185576,-0.21574936601598177
1,1,2,1,0,-0.6164583178628186,-0.6601415692437526,-0.6830690090129679,-2.8057255568794965,0.0,1,-0.7734278061310639,-0.08329361540293298
0,1,3,1,0,-0.3342831657171159,-0.5741917494620468,-0.23846251046452188,0.23552820825545087,1.0,1,-0.47933681970987374,-0.1529524488061137
1,0,0,1,0,1.0020160634998159,-0.6601415692437526,1.1398176350356612,2.2630307183454157,0.0,1,0.7767411439175881,-0.32236671807036577
1,1,0,1,0,-0.8551499751459689,0.8449496358058177,-0.3695644267031661,0.23552820825545087,1.0,0,-0.5848459355935839,-0.11965424996818952
1,1,1,1,0,-0.603600295188408,-0.05138419906054298,-0.6146680092362838,0.23552820825545087,1.0,1,-0.5923695058263782,-0.24187979456382303
1,1,0,1,0,0.2295995741134018,-0.6601415692437526,-0.15638131073250086,0.23552820825545087,0.0,0,0.03692340435948521,-0.39701338863254776
1,1,0,1,0,-0.7557925272073412,-0.6601415692437526,-1.1037351576395746,0.23552820825545087,1.0,2,-0.906881611450867,-0.2262553084078469
1,1,2,1,0,-0.6164583178628186,-0.6601415692437526,-0.6830690090129679,-2.8057255568794965,0.0,1,-0.7734278061310639,-0.08329361540293298
1,1,0,1,0,-0.3321791256431214,3.318834251233205,0.05452177191227486,0.23552820825545087,1.0,1,0.6017957444270478,-0.4883400245592918
1,1,0,1,0,-0.742466940072043,-0.6601415692437526,0.0830221884858932,0.23552820825545087,1.0,1,-0.8941184119488053,0.851563756651278
1,0,1,0,0,-0.6440446210551906,-0.6601415692437526,-1.0387542078517247,-2.8057255568794965,1.0,0,-0.799849868258139,-0.3098905852460616
1,1,0,1,0,0.622353721259036,-0.4653004364303368,-0.9099323249389699,0.23552820825545087,1.0,1,0.4671104023131859,-0.6658703330551667
1,0,0,1,0,0.3558419785530699,-0.6601415692437526,-0.6249281592027864,0.23552820825545087,1.0,1,0.1578379259579645,-0.5546652684588296
1,1,2,1,0,-0.6290825583067854,-0.4077043635878967,-0.8631916417582357,0.23552820825545087,0.0,0,-0.7155455768103104,-0.2743446730422242
1,0,3,1,0,-0.18115580477640733,0.003223017266931784,-0.9224725082313618,0.23552820825545087,1.0,0,-0.17261698325506467,-0.5686936208863038
0,1,1,1,0,-0.5750788630742607,0.5440444866640374,-0.43454537649101593,0.23552820825545087,1.0,1,-0.4000034585944271,-0.2956502074563888
1,0,2,1,0,1.3283760571994023,-0.6601415692437526,0.6689907532394863,0.23552820825545087,1.0,1,1.0893275738277308,-0.4645691833992595
1,1,0,1,0,-0.7763653634863983,0.041997372055671243,1.1500777850021637,-4.427727564951469,1.0,0,-0.7319586035384004,1.0718626428536087
1,1,2,1,1,-0.6823849068479786,-0.3986570141371908,-0.6306282425175102,0.23552820825545087,0.0,1,-0.7640905180742925,-0.05984979529110799
1,1,1,1,0,-0.6863592047655237,-0.20922813501303653,0.16168333822907988,0.23552820825545087,1.0,0,-0.7153888357637939,0.38321419683798913
1,0,0,1,0,0.84234280010668,-0.6601415692437526,0.5663892535744603,0.23552820825545087,1.0,0,0.6238066656735856,-0.39263641418041395
0,0,3,1,0,-0.6258096070805718,2.1957512207585284,1.0725566519219218,0.23552820825545087,1.0,0,0.009247413860277647,-0.03551649423251239
0,1,0,1,0,-0.45327832101302534,-0.6601415692437526,0.02260130534982219,0.23552820825545087,1.0,0,-0.6171345911759926,0.13007429196366901
1,1,0,1,0,1.1177382675695116,1.4447404364441307,-1.1037351576395746,0.23552820825545087,1.0,2,1.4710368052516711,-0.7567911522159826
1,1,2,0,1,0.18541473255951796,-0.6601415692437526,-0.7184095255642546,0.23552820825545087,1.0,1,-0.0053966781999825394,-0.5452017497664208
1,1,0,1,0,-0.12200890047411836,-0.6601415692437526,-0.3353639268148241,0.23552820825545087,1.0,1,-0.2998459298703534,-0.3134305026729853
1,1,1,1,0,0.3219435551387146,0.13764078053456189,0.708891336442552,0.23552820825545087,1.0,1,0.34650936280773986,-0.2840753371108374
0,0,0,1,0,-0.203598898899015,-0.6601415692437526,-1.050154374481172,0.23552820825545087,1.0,0,-0.37799253734788907,-0.5591949366146879
1,1,0,1,0,-1.047552750801241,-0.6601415692437526,-0.46646584305346844,0.23552820825545087,1.0,2,-1.186328505811797,3.407225313922314
1,1,0,1,0,-0.39670302124561846,3.352357912144303,-0.22478231050918487,0.23552820825545087,0.0,0,0.5492874938440044,-0.5348667658085164
1,1,1,1,0,-0.6176272290150377,-0.6601415692437526,-0.7719903087226571,0.23552820825545087,1.0,0,-0.7745473850347535,-0.14516509996481614
0,1,0,1,0,-0.6211339624716952,1.0712949318850842,-0.22478231050918487,0.23552820825545087,1.0,1,-0.2979650373121549,-0.27303548468663824
1,0,0,1,1,-0.6931388894483947,-0.6601415692437526,0.2380644546463769,0.23552820825545087,0.0,2,-0.8468721822131031,0.8029774811853188
1,1,0,0,0,-0.6487202656640672,0.0400586543162342,-0.002479061234961818,0.23552820825545087,1.0,1,-0.6102379851292644,0.1066852623596948
1,1,0,1,0,-0.292903710928558,1.4118630147795124,0.5618291869226814,0.23552820825545087,0.0,1,0.11081561200300033,-0.22953216825632242
0,1,0,1,0,-0.7144130724187833,0.31931478870096824,-0.9600930581085381,0.23552820825545087,0.0,2,-0.5957506341155208,-0.4229832064854669
1,0,0,1,0,0.018494220022623405,-0.6601415692437526,-0.39464479328795027,-2.8057255568794965,1.0,1,-0.1652725456468607,-0.39601749386317153
1,0,0,1,0,-0.6980483162877152,0.9190248094334719,-0.22478231050918487,0.23552820825545087,1.0,1,-0.41384145384403076,-0.19828892452839866
1,1,0,1,0,-0.32446431203847503,-0.6601415692437526,0.8684936692548147,0.23552820825545087,0.0,2,-0.4937569959893961,0.3744364962506493
1,1,2,1,0,-0.327269698803801,2.404809616994482,-0.24416259377924554,0.23552820825545087,1.0,1,0.35313726991758226,-0.502525863764988
1,1,0,1,0,2.3144695052114765,0.8876822059792406,-1.0170938912557748,0.23552820825545087,1.0,0,2.4628493644522336,-0.771255943782506
1,1,2,1,0,0.17208914542421966,0.685166982113887,0.0522417385863852,0.23552820825545087,0.0,2,0.3547494635388953,-0.4356842547229349
1,1,0,1,0,0.5931309424535572,-0.6601415692437526,-1.0262140245593327,0.23552820825545087,0.0,0,0.38511244340695794,-0.6830585421632921
0,1,2,1,0,-0.8025489732961072,-0.6601415692437526,2.1715327150006454,0.23552820825545087,1.0,1,-0.9516647675984519,3.3824343968297645
1,1,2,0,0,-0.14912763920560262,-0.0036432747269074957,0.670130769902431,0.23552820825545087,0.0,2,-0.14384380543024136,-0.05891899030044813
1,1,2,1,0,0.3025396300118767,-0.07642596986160388,-1.2872778403736767,0.23552820825545087,0.0,1,0.2685866711109421,-0.7334850823103277
0,1,2,1,0,-0.13369801199630985,0.40146795290961,0.010061122057430186,0.23552820825545087,1.0,0,-0.01677159986146915,-0.3296415272636244
1,0,0,0,0,-0.26742144781018057,-0.6601415692437526,-0.3376439601407136,0.23552820825545087,0.0,2,-0.43912154548934246,-0.2284823424182418
1,1,0,1,0,-0.5007361137931228,1.3554786405242203,1.102197085158485,0.23552820825545087,0.0,1,-0.10387483856852182,0.05030200228235601
1,1,0,1,1,-0.7602343895857739,-0.6601415692437526,-0.7104294089236415,0.23552820825545087,1.0,1,-0.9111360112848875,0.16009384668458534
1,1,2,1,0,-0.1535695015840354,-0.6601415692437526,-0.8472314084770095,0.23552820825545087,1.0,2,-0.3300745602699732,-0.49481923336486155
1,1,0,0,0,-0.3882868609496406,0.2658384910548317,0.3805665375144686,0.23552820825545087,1.0,1,-0.2982113446709665,-0.04624954751916277
1,1,1,0,0,-0.40348270592848956,2.000586968321873,-0.5314467928413182,0.23552820825545087,0.0,2,0.16809326871576147,-0.5328096477368296
1,1,2,1,0,0.1655432429717924,-0.6601415692437526,-1.4662604564559998,-2.8057255568794965,1.0,0,-0.024429519562706132,-0.7606197498850782
1,1,2,1,0,-0.3466736239306389,-0.6601415692437526,0.6849509865207124,0.23552820825545087,1.0,0,-0.515028995159499,0.31977270625499193
1,1,2,1,0,0.10546120974772813,0.007100452745805693,1.3769411009281656,0.23552820825545087,0.0,2,0.10297855967717297,-0.008206352722785736
1,0,0,1,1,1.7197275109623735,-0.6601415692437526,1.8922286325791857,-2.8057255568794965,1.0,1,1.4641625907830167,-0.35014115369799026
1,1,2,1,1,-0.7920287729261348,-0.6601415692437526,-0.6169480425621733,-0.7782230467895316,1.0,1,-0.9415885574652453,0.3434230031853007
0,0,0,1,0,-0.203598898899015,-0.6601415692437526,-1.050154374481172,0.23552820825545087,1.0,0,-0.37799253734788907,-0.5591949366146879
1,0,3,1,0,-0.6459148788987411,-0.6601415692437526,-0.09596042759643017,0.23552820825545087,1.0,2,-0.8016411945040424,0.40186167221530283
1,1,2,0,0,-0.3889882076409721,-0.333225290431193,1.2424191347006874,0.23552820825545087,0.0,1,-0.4649390350084252,0.5003192017556969
0,0,1,1,0,0.09774639614308174,0.11251822982769111,-0.5656472927296603,0.23552820825545087,0.0,0,0.12481034829912062,-0.5323432991686075
1,1,1,1,0,-0.8245245029578272,-0.6601415692437526,-0.9737732580638749,0.23552820825545087,1.0,0,-0.9727128509878168,0.04727496419267146
0,0,2,1,0,-0.9376751024926409,-0.6601415692437526,0.7419518196679491,0.23552820825545087,1.0,2,-1.0810880888649723,3.4330068516773724
1,0,3,1,1,-0.6746700932433323,0.9724203271737984,2.286674397958063,0.23552820825545087,1.0,2,-0.3766490426634615,0.7958853087071579
1,1,0,1,0,-0.5054117584019994,-0.09516690800949465,1.0497563186630272,0.23552820825545087,1.0,1,-0.5104611132324453,0.4863538910855543
1,0,1,0,0,-0.2732660035712763,0.12875499089547576,-1.3647989734539185,0.23552820825545087,1.0,2,-0.22604328853913336,-0.7094490224978943
1,1,0,1,0,1.7903297445564101,-0.6601415692437526,-1.2519373238223899,0.23552820825545087,1.0,1,1.5317851565658698,-0.7782960920158541
1,0,2,1,0,-0.5103211852413199,0.684601522773218,-1.033054124537001,0.23552820825545087,0.0,1,-0.2990174414816231,-0.5752990163322074
1,0,0,0,0,-0.040652684279665556,0.4460584609166604,0.5310487370231733,2.2630307183454157,0.0,0,0.08470703196895824,-0.226272066847394
0,1,0,1,0,-0.661344506108034,-0.30551778273840624,-0.015019244527353823,0.23552820825545087,1.0,0,-0.7181206082887965,0.2750499706942603
1,1,3,1,1,-0.2012610765945767,2.8753525683369974,0.399946820784529,0.23552820825545087,0.0,1,0.6042588180151649,-0.42077559910449863
1,1,0,1,0,4.6600066232544215,-0.6601415692437526,1.1637579849575004,0.23552820825545087,1.0,1,4.280351365123894,-0.6485478311964765
0,1,2,1,0,-0.47011064160498106,-0.6601415692437526,2.081471398628011,0.23552820825545087,1.0,0,-0.6332565273891231,1.3120762689132188
1,1,0,1,0,-0.07338219654180174,-0.32700523768383266,-0.6374683424951785,0.23552820825545087,1.0,1,-0.16092857950054504,-0.4776816266791708
1,1,1,1,0,1.7171559064274915,-0.4022113299928252,0.47518792053888165,0.23552820825545087,1.0,2,1.5331958259845186,-0.5497371398199454
1,0,0,1,0,-0.05771878710206514,-0.6601415692437526,0.2859451544900556,0.23552820825545087,1.0,0,-0.23826909016742412,-0.12475338073729278
0,0,1,1,0,-0.5806896366049126,-0.6601415692437526,-0.8130309085886676,0.23552820825545087,1.0,1,-0.7391686916781615,-0.21676007289457544
1,0,0,1,0,-0.7314791752411829,-0.6601415692437526,1.1648980016204455,0.23552820825545087,0.0,0,-0.8835943702541228,1.7836604147089192
1,0,2,1,0,-0.2569012474402082,-0.6601415692437526,0.7864124695227938,0.23552820825545087,0.0,2,-0.42904533535613587,0.24848755196810102
1,0,0,1,0,-1.0258110033699648,-0.6601415692437526,-0.2145221605426822,0.23552820825545087,1.0,2,-1.1655043382031698,3.4514061219294865
1,0,2,1,0,1.0784628528549483,-0.24299413564156386,1.3119601511403158,0.23552820825545087,1.0,0,0.9655917133919536,-0.33739708334769924
1,1,1,0,0,0.10101934736929535,1.0821194392636073,-0.8688917250729594,0.23552820825545087,1.0,1,0.3967112808491825,-0.6493895014553032
1,1,0,1,0,-0.19565030306392478,7.630623283646843,-0.30800352690415056,0.23552820825545087,1.0,0,1.9277578232228156,-0.6767488128149002
1,0,0,0,0,0.5012545258891321,-0.6601415692437526,-0.060619911045143166,0.23552820825545087,0.0,0,0.2971135415769536,-0.4474320265278131
1,0,0,1,0,1.1878729367026606,1.1708157758428486,0.6803909198689337,0.23552820825545087,0.0,0,1.4622816982248181,-0.5143142471186715
1,0,0,1,0,-0.42218528436399594,-0.6601415692437526,-0.532586809504263,0.23552820825545087,0.0,1,-0.5873537923378486,-0.20291594304277777
1,0,0,1,0,-0.6856578580741922,-0.36335619529827595,-1.272457623755395,0.23552820825545087,1.0,0,-0.7574402193863761,-0.5133117147972692
1,0,0,1,0,-0.690099720452625,-0.22199136013099663,-0.8985321583095226,0.23552820825545087,0.0,1,-0.7225093575912598,-0.29042547956966935
1,1,2,1,0,-0.7976395464567868,-0.6601415692437526,0.8730537359065934,0.23552820825545087,0.0,0,-0.9469625362029555,1.9456079330724814
1,1,0,1,0,-0.38150717626676955,-0.6601415692437526,-0.5531071094372683,0.23552820825545087,1.0,0,-0.5483924464894497,-0.2464275344994424
1,0,1,0,0,-0.0581863515629528,-0.6601415692437526,-1.0649745910994537,0.23552820825545087,1.0,1,-0.23871692172889997,-0.6018761968909931
1,0,0,0,0,-0.14912763920560262,-0.008328509263880235,0.36118625424440826,0.23552820825545087,1.0,2,-0.14514251695852137,-0.1583693634075213
1,0,0,0,0,-1.0550337821754434,0.052660319622574545,1.1523578183280532,-0.7782230467895316,1.0,1,-0.9959105258722659,2.740049170321914
1,1,0,0,0,2.845388950549414,-0.6601415692437526,-0.7332297421825361,0.23552820825545087,0.0,1,2.5423170750361237,-0.7450669120704244
1,1,0,1,0,0.49283836559315425,-0.6601415692437526,-0.13130094414771684,-2.8057255568794965,0.0,1,0.2890525734703883,-0.46209874679936147
1,1,3,1,0,-0.9823275085074124,1.8256984722434964,-0.7024492922830283,0.23552820825545087,1.0,1,-0.4347999709211005,-0.38971677149509365
1,0,1,0,0,0.21580642251721582,0.19895272904425615,-0.049219744415695835,0.23552820825545087,1.0,1,0.26184680611073047,-0.4357285584907457
1,0,0,1,0,-0.005117785252203415,-0.6601415692437526,-0.08456026096698284,0.23552820825545087,0.0,2,-0.18788803950139107,-0.28231974674965504
1,1,0,1,0,-0.3319453434126776,-0.6601415692437526,-0.9532529581308697,0.23552820825545087,1.0,1,-0.5009223009730097,-0.46980793148453426
1,0,0,1,0,0.7649608818297723,0.40486070895362475,-0.3878046933102819,0.23552820825545087,1.0,0,0.8449011075742122,-0.6060385832446676
0,1,0,0,0,-0.9362724091099779,-0.0775568885429421,-0.7343697588454808,0.23552820825545087,1.0,2,-0.9182565331123536,0.1553125708219879
0,1,0,1,0,-0.743635851224262,-0.08337304176125306,1.256099334656024,0.23552820825545087,0.0,1,-0.7353621234056167,1.1538686775267666
1,0,3,1,1,0.0278455092403766,-0.6601415692437526,4.318184091325579,0.23552820825545087,1.0,2,-0.15631591441734372,1.1459839099994658
1,1,2,0,0,-0.8140043025878548,-0.6601415692437526,-0.46418580972757895,0.23552820825545087,0.0,1,-0.9626366408546102,0.5875755877704376
1,1,0,0,1,0.12977456171388643,1.5531470700409817,-0.605547875932726,0.23552820825545087,0.0,1,0.5548182136282309,-0.6127738518354816
1,1,0,1,0,-0.8808660204947902,-0.09225883140033918,0.67469083655421,0.23552820825545087,1.0,0,-0.8692637602868957,1.2690796564402045
1,1,2,1,0,-0.7195562814885476,0.40970750330221717,0.07732210517116954,0.23552820825545087,1.0,2,-0.5756206054271813,0.10253564845491332
0,0,0,1,0,-0.758831696203111,0.7892922807028144,-0.5268867261895392,0.23552820825545087,1.0,2,-0.5080204312224018,-0.2645059947687434
1,0,1,1,0,-0.1058779265734941,0.01800574003013867,0.6279501533734757,0.23552820825545087,1.0,0,-0.09641844306994889,-0.10302391155417917
1,1,0,1,0,0.10966928989571706,0.2113928345389768,0.9847753688751775,-0.7782230467895316,1.0,2,0.16363734467907665,-0.14335628118030092
0,0,0,1,0,-0.757429002820448,0.34581059780660683,1.6847455999232437,0.23552820825545087,1.0,0,-0.629606700163095,1.0783268941297184
1,0,0,0,0,-0.26742144781018057,-0.6601415692437526,-0.3376439601407136,0.23552820825545087,0.0,2,-0.43912154548934246,-0.2284823424182418
1,1,1,0,0,0.10101934736929535,1.0821194392636073,-0.8688917250729594,0.23552820825545087,1.0,1,0.3967112808491825,-0.6493895014553032
1,1,0,1,1,-0.5834950233702386,-0.6601415692437526,1.0258159687411879,0.23552820825545087,1.0,0,-0.7418556810470165,1.022336103960653
1,1,0,1,0,0.27238172228462265,-0.6601415692437526,0.25744473791643724,0.23552820825545087,1.0,2,0.07789999223452541,-0.2976869795411513
1,1,3,1,0,-0.09465637951219026,-0.6601415692437526,0.6644306865877073,0.23552820825545087,1.0,1,-0.2736477835240162,0.038376661003108485
1,1,0,1,0,0.3867012329716555,-0.31157627567414675,-0.46418580972757895,0.23552820825545087,1.0,0,0.284014468403785,-0.5396946209519583
1,0,0,1,0,-0.0988644596601792,-0.6601415692437526,0.5572691202709024,-2.8057255568794965,1.0,1,-0.27767826757729885,0.002542661747254547
1,1,2,1,0,0.3025396300118767,-0.07642596986160388,-1.2872778403736767,0.23552820825545087,0.0,1,0.2685866711109421,-0.7334850823103277
1,0,0,1,1,-0.6973469695963838,-0.6601415692437526,-0.29660336027470324,0.23552820825545087,1.0,0,-0.8509026662663858,0.37103073024330396
0,0,0,0,0,0.017325308870404257,-0.6601415692437526,-0.5519670927743234,0.23552820825545087,1.0,1,-0.16639212455055033,-0.4476251381345596
1,1,2,1,0,1.1766513896413566,0.2311839114623959,0.13660297164429555,0.23552820825545087,1.0,0,1.1910749045950437,-0.5602287318110385
0,1,2,1,0,-0.45514857885657595,-0.6601415692437526,-0.5086464595824236,0.23552820825545087,0.0,2,-0.618925917421896,-0.1599756281151283
1,1,0,1,0,-0.2898645419327882,-0.45851492434230734,-1.4582803398153867,0.23552820825545087,1.0,1,-0.4047280815679973,-0.721665764341128
1,1,0,1,0,-0.34340067270442526,0.2168050882282382,-1.2291369905634952,-0.7782230467895316,1.0,1,-0.26881120266007696,-0.6545054890013136
1,1,0,0,0,-0.6816835601566471,-0.06891343862128564,-0.4573457097499106,0.23552820825545087,1.0,1,-0.6720163490348579,-0.0714310602454384
0,0,3,1,0,2.9840218132026055,-0.21536740785458694,-0.896252124983633,0.23552820825545087,1.0,1,2.7983871618880136,-0.7661901751423968
1,0,1,1,1,-0.27162952795816947,-0.6601415692437526,-0.8096108585998334,0.23552820825545087,1.0,2,-0.4431520295426251,-0.43219424616352703
1,1,0,1,0,-0.7735599767210722,-0.6601415692437526,-0.12560086083299318,0.23552820825545087,1.0,1,-0.9238992107869493,0.7778072748600641
1,1,0,1,0,0.49915048581513766,0.33320893250026656,2.6594598467409907,0.23552820825545087,1.0,1,0.5704475351237384,0.03989837958037587
1,1,3,1,0,-0.9580141565412541,1.1107155259203023,1.5570637336734336,0.23552820825545087,1.0,0,-0.6097005872554935,0.9534635946682842
1,0,0,0,0,1.0527468075061268,0.22173266248264062,-0.7776903920373807,0.23552820825545087,1.0,1,1.06977972616931,-0.6903584394088466
1,1,0,1,0,0.17138779873288815,-0.6601415692437526,-0.7013092756200836,0.23552820825545087,1.0,0,-0.018831625044258015,-0.5370572703428365
1,1,1,1,0,-0.29313749315900184,-0.6601415692437526,-0.9669331580862066,-2.8057255568794965,1.0,2,-0.46375228137051416,-0.4926024418954005
0,0,1,1,0,0.669110167347802,3.8367950072861166,2.4052361309043158,-0.7782230467895316,1.0,1,1.7044018319367358,-0.3256406165232629
1,1,0,1,0,0.09470722714731195,-0.6601415692437526,-0.8449513751511201,0.23552820825545087,0.0,0,-0.09227600112629729,-0.5629674144416498
1,1,0,1,0,0.4068065047898249,0.09999734442716066,-0.9110723416019145,0.23552820825545087,1.0,0,0.4173563158332191,-0.6609454293584557
1,1,1,1,0,-0.7614033007379931,0.5781336069158042,0.27226495453471894,0.23552820825545087,0.0,1,-0.5690150898954125,0.1940146711612189
1,1,0,1,1,-0.743635851224262,0.1508079051815713,2.5648384637165784,0.23552820825545087,1.0,1,-0.6704489385696923,1.7275954645420533
1,1,2,1,0,1.0104322237957937,0.16090539340780555,-0.656848625765239,0.23552820825545087,0.0,2,1.0123901115661798,-0.6669376841793827
1,1,0,1,0,-0.8551499751459689,0.8449496358058177,-0.3695644267031661,0.23552820825545087,1.0,0,-0.5848459355935839,-0.11965424996818952
1,1,0,1,0,-0.15029655035782177,-0.6601415692437526,0.31102552107483994,0.23552820825545087,0.0,2,-0.32693973933964227,-0.04948114457408722
1,1,1,1,0,4.327802073793739,0.35897772245361625,-0.8677517084100147,0.23552820825545087,1.0,0,4.244659189674269,-0.7846689008643465
1,1,0,1,0,0.12159218364835239,-0.3642447742621845,-1.0022736746374932,-2.8057255568794965,0.0,2,0.015494664142865865,-0.6308832292115903
1,1,0,1,0,-0.08974695267286983,-0.6601415692437526,0.9722351855827854,0.23552820825545087,1.0,1,-0.2689455521285198,0.14632028476078537
1,1,0,0,1,-0.8023151910656634,0.7534260025232306,0.30190538777128195,0.23552820825545087,1.0,1,-0.5596106271044197,0.1958353880354412
1,1,3,1,0,-0.49278751795803255,1.0427796251341985,0.043121605282827526,0.23552820825545087,1.0,0,-0.18293950074708287,-0.24194066463205763
1,1,3,1,0,0.11083820104793621,-0.6601415692437526,1.2321589847341845,0.23552820825545087,1.0,2,-0.07682581225538049,0.07035924796899623
0,0,0,0,1,-0.8390190012453447,-0.04661818461776043,-0.22478231050918487,0.23552820825545087,0.0,1,-0.8165315939231144,0.34029585989338607
1,0,0,0,0,-0.8616958775983962,-0.09872122386512909,1.2754796179260846,0.23552820825545087,1.0,1,-0.8526939925122892,1.6947268881690074
0,0,0,1,0,-0.3670126779792521,-0.6601415692437526,-0.43226534316512644,0.23552820825545087,1.0,2,-0.5345096680836984,-0.19806109596667687
1,0,0,1,1,-0.43036766242953,-0.6601415692437526,-0.0857002776299275,-2.8057255568794965,1.0,2,-0.5951908446636759,0.04207502242949033
1,1,0,1,0,-0.22230147733452138,-0.6601415692437526,-0.3764045266808346,0.23552820825545087,1.0,0,-0.39590579980692303,-0.27401703111482295
1,1,3,1,0,4.86924171950165,-0.6601415692437526,0.0522417385863852,0.23552820825545087,0.0,0,4.480755988884337,-0.7274353375946923
0,0,2,1,0,-0.4079245683069223,0.27714767786821404,-0.9110723416019145,0.23552820825545087,1.0,2,-0.3138854493226212,-0.524843164191343
1,1,3,1,0,2.2548550364483,0.8774231579413868,0.3509261042779056,0.23552820825545087,0.0,0,2.402907109948692,-0.6315395809858811
1,0,0,1,0,0.1522176558364941,-0.6601415692437526,0.23578442132048757,0.23552820825545087,1.0,2,-0.03719271906476783,-0.254276177469727
1,1,0,1,0,1.1093221072735338,-0.6601415692437526,-0.2726630103528639,0.23552820825545087,1.0,2,0.8795184872762954,-0.5900145733771553
1,1,0,1,0,-0.32446431203847503,-0.6601415692437526,0.8684936692548147,0.23552820825545087,0.0,2,-0.4937569959893961,0.3744364962506493
0,1,0,1,0,0.0018956816611114822,-0.6601415692437526,-0.6579886424281837,-2.8057255568794965,1.0,1,-0.18117056607925336,-0.4779233356450569
1,1,3,1,0,-0.9823275085074124,1.8256984722434964,-0.7024492922830283,0.23552820825545087,1.0,1,-0.4347999709211005,-0.38971677149509365
0,1,2,1,0,-0.45514857885657595,-0.6601415692437526,-0.5086464595824236,0.23552820825545087,0.0,2,-0.618925917421896,-0.1599756281151283
1,0,0,1,0,-0.2082745435078916,-0.6601415692437526,0.20500397142097956,0.23552820825545087,1.0,1,-0.38247085296264755,-0.044692002295412356
1,0,0,1,1,-0.43036766242953,-0.6601415692437526,-0.0857002776299275,-2.8057255568794965,1.0,2,-0.5951908446636759,0.04207502242949033
1,1,0,1,0,-0.9657289701459004,0.40841502480925906,0.44098742065053964,0.23552820825545087,1.0,2,-0.8117621877933966,0.8403709363553575
1,1,1,1,0,1.7145843018926092,-0.6601415692437526,-0.35018414343310555,0.23552820825545087,0.0,0,1.4592364436067822,-0.6540071908717486
0,1,0,1,0,1.0022498457302595,1.4896540640744211,0.034001471979269525,0.23552820825545087,1.0,0,1.3728721269761646,-0.5939550297647176
1,1,0,1,0,0.15198387360605028,-0.6601415692437526,0.5321887536861183,0.23552820825545087,1.0,2,-0.03741663484550576,-0.16612568944722983
1,1,0,0,0,-0.6816835601566471,-0.06891343862128564,-0.4573457097499106,0.23552820825545087,1.0,1,-0.6720163490348579,-0.0714310602454384
1,1,1,1,0,-0.6578377726513764,-0.6601415692437526,-0.3091435435670952,0.23552820825545087,1.0,1,-0.8130608993216766,0.26683902859234293
1,1,0,1,0,-0.47361737506163853,-0.6601415692437526,-1.0615545411106195,0.23552820825545087,1.0,1,-0.636615264100192,-0.45438492666757896
1,0,0,1,0,-0.4467324185605981,-0.33912222355531374,0.6085698701034153,0.23552820825545087,1.0,1,-0.5218808180500794,0.2932073416943044
1,0,1,1,0,-0.18700036053750307,-0.10938417143203248,-0.9133523749278041,-4.427727564951469,0.0,1,-0.20942873760837938,-0.5562469968507997
1,1,0,1,0,-1.095478108042226,-0.4007572916882475,0.6256701200475864,0.23552820825545087,1.0,0,-1.1603318836681238,5.553361178544844
1,0,0,0,1,-0.5514668577994338,-0.26860136578329386,-0.4174451265468449,0.23552820825545087,1.0,2,-0.6026472401622489,-0.1269004316874396
1,1,3,1,0,2.0012013164167444,-0.6601415692437526,0.4501075539540973,0.23552820825545087,1.0,2,1.7337571907914777,-0.572320777168651
0,1,0,1,0,-0.05912148048472812,-0.6601415692437526,0.31444557106367393,-2.8057255568794965,1.0,1,-0.23961258485185166,-0.11376045785528337
1,1,3,1,0,-0.8441622103151089,-0.37862359749634206,-0.793650625318607,0.23552820825545087,0.0,0,-0.9134871269826358,0.08540415029211938
1,0,0,0,0,-0.9977571357167051,-0.6601415692437526,0.5641092202485707,0.23552820825545087,0.0,0,-1.1386344445146188,4.547762658909644
1,1,0,1,0,-0.9902761043425026,-0.6601415692437526,-1.0227939745704984,-5.644229071005447,1.0,1,-1.1314691395310053,0.7798007338879331
1,0,0,1,0,0.7539731169989122,-0.6601415692437526,0.5766494035409627,0.23552820825545087,1.0,0,0.5391665005546501,-0.36974879183737985
1,0,0,0,0,0.5012545258891321,-0.6601415692437526,-0.060619911045143166,0.23552820825545087,0.0,0,0.2971135415769536,-0.4474320265278131
1,0,1,0,0,0.45449807980036616,0.19854882951520678,0.0397015552939932,0.23552820825545087,1.0,2,0.4903528603537825,-0.46927525267200054
1,1,1,1,0,-0.6005611261926381,-0.6601415692437526,1.1352575683838821,0.23552820825545087,0.0,0,-0.758201533040885,1.1544814444739258
1,1,0,0,0,-0.49559290472335854,-0.013983102670571406,6.052149435664518,0.23552820825545087,1.0,0,-0.478553114477291,2.7189266517882933
1,1,0,1,0,0.30815040354252865,-0.6601415692437526,0.8867339358619304,0.23552820825545087,1.0,2,0.11215910668742787,-0.14383076194373998
1,0,0,1,0,3.3454491414687664,-0.6601415692437526,0.7556320196232861,0.23552820825545087,1.0,1,3.0212729300345442,-0.6268871724111885
0,1,0,1,0,-0.661344506108034,-0.30551778273840624,-0.015019244527353823,0.23552820825545087,1.0,0,-0.7181206082887965,0.2750499706942603
0,0,3,0,0,-0.7775342746386174,-0.6601415692437526,0.17650355484736124,0.23552820825545087,1.0,1,-0.9277057790594939,1.0989610830435297
0,0,0,1,0,-0.9012050745434034,0.43652643203109515,1.7531465996999276,0.23552820825545087,0.0,0,-0.7421691631400497,1.512572305514537
1,0,0,0,0,0.8827871259734625,0.2762590989043055,2.4964374639398943,0.23552820825545087,0.0,0,0.9221072687726489,-0.12758363455127672
1,0,0,0,0,-0.6849565113828607,0.8968103353357566,-1.0319141078740564,0.23552820825545087,1.0,0,-0.40745985409299995,-0.5421088937686049
1,0,0,1,0,0.20739026222123796,0.27084684521504393,0.10810255507067722,0.23552820825545087,0.0,1,0.27371434248984045,-0.40132056029098856
1,1,0,1,1,1.5640285454867828,-0.6601415692437526,-0.8848519583541857,0.23552820825545087,1.0,2,1.3150346808115587,-0.7201757695175405
1,1,0,1,0,-0.08062944568556046,-0.6601415692437526,-0.1324409608106615,-0.7782230467895316,1.0,0,-0.2602128366797407,-0.2604792520471841
0,1,1,0,0,-0.49722938033646535,-0.6601415692437526,-0.0469397110898065,0.23552820825545087,1.0,1,-0.6592307579547224,0.15341744552522296
1,1,0,1,0,1.442695567886435,0.3122061569896994,0.4193271040545896,0.23552820825545087,1.0,1,1.4683498158828159,-0.5504002243559363
1,1,0,1,0,-0.7279724417845255,-0.20632005840388112,1.0736966685848668,0.23552820825545087,1.0,0,-0.7544397479244879,1.098352757686042
0,0,0,0,0,-0.1792855469328567,0.2180167868153863,-0.22478231050918487,0.23552820825545087,1.0,1,-0.111286450910947,-0.3627946266247436
0,0,0,1,0,-0.8925551320169817,0.14022573752047782,-0.6215081092139523,0.23552820825545087,1.0,1,-0.8160165876274171,0.0314606650073595
0,1,0,1,1,2.6550902149681366,-0.6601415692437526,-1.106015190965464,0.23552820825545087,1.0,1,2.3600496295154527,-0.7783108888444342
1,1,1,1,0,-0.22136634841274608,0.4108384219835553,-0.5622272427408261,0.23552820825545087,1.0,2,-0.09814259458163087,-0.47336636127378356
0,1,0,0,0,-0.6784106089304335,-0.6601415692437526,3.5737532104226677,0.23552820825545087,1.0,1,-0.8327654880266139,3.432069736591322
0,1,2,0,0,-0.7997435865307813,-0.05816971114857236,-0.22478231050918487,0.23552820825545087,0.0,1,-0.7821157384236954,0.26150979137371627
1,0,0,1,0,1.1878729367026606,1.1708157758428486,0.6803909198689337,0.23552820825545087,0.0,0,1.4622816982248181,-0.5143142471186715
0,1,0,1,0,-0.7899247328521404,-0.1329719039285156,-0.4938262429641421,-0.7782230467895316,1.0,1,-0.7934458769290343,0.086980617079577
1,0,0,0,0,0.3953511754980772,-0.6601415692437526,2.1270720651458004,0.23552820825545087,1.0,0,0.19567969290267376,0.12804183699181168
1,0,1,0,0,-0.007923172017529373,0.7148939874519207,-0.4060449599173976,0.23552820825545087,0.0,2,0.19057441310184903,-0.5059594113991235
0,1,2,1,0,0.539828593912364,0.9512559918516116,-0.6363283258322339,0.23552820825545087,1.0,1,0.780726844814723,-0.6434757349864246
1,1,0,1,0,0.10920172543482941,-0.6601415692437526,-0.022999361167967153,0.23552820825545087,0.0,2,-0.07839322272054595,-0.31381679619072445
1,0,0,1,1,-0.6931388894483947,-0.6601415692437526,0.2380644546463769,0.23552820825545087,0.0,2,-0.8468721822131031,0.8029774811853188
1,0,3,1,1,-1.0288501723657346,-0.21221699152800189,-0.10052049424820884,0.23552820825545087,1.0,0,-1.0442539429335838,1.5791587380747734
1,0,3,1,1,-0.4460310718692666,0.23481900722384022,1.8238276328025016,0.23552820825545087,1.0,1,-0.3621169084935703,0.5853550195027667
0,1,0,1,0,1.0022498457302595,1.4896540640744211,0.034001471979269525,0.23552820825545087,1.0,0,1.3728721269761646,-0.5939550297647176
1,1,1,1,0,2.152224637283459,0.39298606279957327,-0.2681029437010849,0.23552820825545087,0.0,1,2.1703257884962097,-0.6841583509973299
1,1,2,0,0,-0.2678890122710682,-0.06883265871547575,-0.4254252431874581,0.23552820825545087,1.0,0,-0.2756630255506575,-0.35894760017350624
1,0,1,1,0,-0.24310809584402224,-0.39631439686870445,-0.5793274926849972,0.23552820825545087,1.0,0,-0.3427034103035921,-0.38523739206196145
1,1,0,1,0,-0.18092202254596348,-0.6601415692437526,0.2209642047022059,0.23552820825545087,1.0,1,-0.3562727066163104,-0.06055794397528539
0,1,0,1,0,-0.8600594019852893,1.1406040910699558,-1.2382571238670532,-2.8057255568794965,0.0,0,-0.5075949912389999,-0.6015680255588886
0,1,0,0,0,-0.7924963373870225,1.415417330635147,-0.900812191635412,0.23552820825545087,1.0,2,-0.36670718199869773,-0.5026255264864116
1,1,0,1,0,-0.9531047297019336,-0.22150668069613738,-0.34220402679249257,0.23552820825545087,1.0,1,-0.9742802614529823,0.7793966330539681
0,0,0,1,0,0.5971052403711024,-0.6601415692437526,-0.13700102746244053,0.23552820825545087,1.0,0,0.38891901167950266,-0.48597600836822036
1,1,0,1,1,1.9240531803702807,-0.6601415692437526,0.18106362149914024,-2.8057255568794965,1.0,2,1.6598649831479626,-0.5996120537528228
1,0,0,0,0,-0.04041890204922173,-0.6601415692437526,0.36004623758146326,0.23552820825545087,1.0,0,-0.2216993223928177,-0.11004140844159749
1,1,0,1,0,0.15245143806693792,0.48652919372740716,0.665570703250652,0.23552820825545087,0.0,0,0.28087964747345406,-0.2710842046549933
1,0,0,0,0,-0.6849565113828607,0.8968103353357566,-1.0319141078740564,0.23552820825545087,1.0,0,-0.40745985409299995,-0.5421088937686049
1,1,1,1,0,2.152224637283459,0.39298606279957327,-0.2681029437010849,0.23552820825545087,0.0,1,2.1703257884962097,-0.6841583509973299
1,1,1,0,0,-0.632355509532999,-0.6601415692437526,0.2813850878382769,0.23552820825545087,1.0,0,-0.7886540792212428,0.6470684832745591
1,0,3,1,1,-0.8598256197548455,0.7821836489915456,-1.063834574436509,-0.7782230467895316,0.0,0,-0.6067225073716791,-0.4724450587330792
1,1,3,1,0,0.4722655293140972,-0.6601415692437526,1.2481192180154113,0.23552820825545087,1.0,0,0.26934798476545097,-0.12765979304881753
1,1,0,1,0,-0.2169244860343133,-0.6601415692437526,-0.9395727581755329,0.23552820825545087,0.0,0,-0.3907557368499508,-0.5095716265575663
1,1,0,1,0,0.2295995741134018,-0.6601415692437526,-0.15638131073250086,0.23552820825545087,0.0,0,0.03692340435948521,-0.39701338863254776
1,1,0,1,0,-0.029431137218361724,0.10137060282592855,-0.35246417675899505,0.23552820825545087,1.0,0,-8.987419649376757e-05,-0.4408432031293716
1,0,0,1,0,1.11703692087818,-0.10122540094523519,-0.06517997769692217,0.23552820825545087,1.0,0,1.041835036733217,-0.5744264338069516
0,1,1,0,1,-0.9769505172072043,0.020994596545104036,-0.8951121083206883,0.23552820825545087,0.0,1,-0.9299001537107257,0.023790616556199354
1,1,0,0,1,0.12977456171388643,1.5531470700409817,-0.605547875932726,0.23552820825545087,0.0,1,0.5548182136282309,-0.6127738518354816
1,1,2,1,0,1.3931337350323432,-0.2828186292058316,0.6917910864983811,0.23552820825545087,1.0,0,1.2559433062748206,-0.48598901883306317
1,0,0,1,0,-0.40582052823292786,-0.6601415692437526,-0.5166265762230368,0.23552820825545087,1.0,0,-0.5716796876861938,-0.20850821098578892
0,1,0,0,1,0.2352103476440537,-0.6601415692437526,2.7050605132587804,0.23552820825545087,0.0,1,0.0422973830971954,0.4006844022210111
1,0,2,0,0,0.10078556513885152,0.6566516753630015,-0.5223266595377605,0.23552820825545087,1.0,1,0.27855092335377973,-0.5524524856485278
1,1,0,0,0,0.9452069815019651,-0.6601415692437526,4.799271123088256,0.23552820825545087,1.0,0,0.7223296091982724,0.3702610990242769
0,0,0,1,0,0.29879911432477546,1.6821525796193502,0.42616720403225794,0.23552820825545087,1.0,1,0.7524686732855971,-0.44658179987015184
1,1,2,1,0,0.28453839826770183,1.672216651204736,0.6712707865653756,-0.7782230467895316,0.0,0,0.736055646557507,-0.39823063444268303
0,1,0,1,0,1.191379670159318,0.7291920307802684,-0.810750875262778,0.23552820825545087,1.0,2,1.3432256776064635,-0.7109884873048193
1,0,1,1,0,2.5045344585623104,0.432810556363841,-1.1128552909431324,0.23552820825545087,1.0,2,2.5188059180586415,-0.7817309682104123
1,0,0,1,0,-1.0150570207695486,0.14781904866660603,-0.4197251598727344,-1.791974301834514,1.0,1,-0.9312436483951532,0.510795723794651
1,1,0,0,0,-0.6926713249875072,5.133312495534592,0.7670321862527334,0.23552820825545087,0.0,2,0.759477237222694,-0.38586897747359294
1,0,3,1,0,0.5545568744303253,0.19111707818069834,-0.4550656764240211,0.23552820825545087,1.0,2,0.5841287893268252,-0.586426761984927
1,1,0,1,0,0.9905607342080681,-0.6601415692437526,1.1135972517879325,0.23552820825545087,1.0,1,0.7657692706614297,-0.3243533021934477
1,0,3,1,0,-0.3380236814042172,-0.6601415692437526,-1.1504758408203086,0.23552820825545087,1.0,1,-0.5067441112721958,-0.5603190785206115
1,0,0,1,0,-0.45795396562190194,-0.6601415692437526,0.3589062209185186,0.23552820825545087,1.0,2,-0.621612906790751,0.3224836403604747
1,1,0,1,0,-0.2169244860343133,-0.6601415692437526,-0.9395727581755329,0.23552820825545087,0.0,0,-0.3907557368499508,-0.5095716265575663
1,0,2,1,0,0.6873451813224207,-0.6601415692437526,1.4122816174794526,0.23552820825545087,0.0,2,0.47535050304434157,-0.17616930632329675
0,1,0,1,0,-0.661344506108034,-0.30551778273840624,-0.015019244527353823,0.23552820825545087,1.0,0,-0.7181206082887965,0.2750499706942603
1,0,3,1,0,-0.247549958222455,1.6925731874688241,1.9469494324005323,0.23552820825545087,0.0,1,0.2320660072725865,0.060849255591368695
1,0,0,1,0,-0.9708721792156647,-0.6601415692437526,-0.8529314917917332,0.23552820825545087,0.0,0,-1.1128841297297576,0.9591965643337111
1,1,1,1,0,-0.6863592047655237,-0.20922813501303653,0.16168333822907988,0.23552820825545087,1.0,0,-0.7153888357637939,0.38321419683798913
1,1,1,1,0,-0.6480189189727357,-0.30260970612925076,0.3475060542890713,0.23552820825545087,1.0,1,-0.7045513119760783,0.477936296505754
1,1,2,1,0,1.309673478763896,-0.6601415692437526,0.37030638754796597,0.23552820825545087,0.0,2,1.071414311368697,-0.5089307037223343
1,0,0,1,0,4.099163052419674,0.366894153222984,0.7180114697461097,0.23552820825545087,0.0,0,4.027863930763811,-0.6706354769516774
1,0,0,1,0,-0.4380824760341764,-0.4035038084857832,-0.7902305753297728,0.23552820825545087,1.0,1,-0.5314420218875888,-0.37535723637620727
1,0,0,1,1,-0.2809808171759227,-0.6601415692437526,0.8730537359065934,0.23552820825545087,0.0,0,-0.4521086607721421,0.31655772695506285
1,1,0,1,0,-0.6120164554843858,0.10831767472557763,-0.007039127886740817,-0.7782230467895316,1.0,1,-0.5561623240810556,0.03520774798945157
1,1,2,0,0,0.11948814357435791,0.04644026687521431,-0.22136226052035088,0.23552820825545087,0.0,0,0.12731820504338534,-0.4424296423221547
0,0,0,0,1,-0.8390190012453447,-0.04661818461776043,-0.22478231050918487,0.23552820825545087,0.0,1,-0.8165315939231144,0.34029585989338607
0,1,0,0,0,0.28313570488503886,-0.37369602324193973,-0.08342024430403784,0.23552820825545087,0.0,2,0.1676006539981381,-0.41821643615043613
1,1,0,1,0,0.02480634024460681,-0.6601415692437526,-1.4126796732975972,0.23552820825545087,1.0,1,-0.15922681956693674,-0.7330987889716776
1,1,0,1,0,-0.712075250114345,-0.6601415692437526,-0.3251037768483216,0.23552820825545087,1.0,1,-0.865009360452875,0.385894557935995
0,1,2,1,0,-0.45514857885657595,-0.6601415692437526,-0.5086464595824236,0.23552820825545087,0.0,2,-0.618925917421896,-0.1599756281151283
1,0,0,0,0,-0.14912763920560262,-0.008328509263880235,0.36118625424440826,0.23552820825545087,1.0,2,-0.14514251695852137,-0.1583693634075213
0,1,1,1,0,0.2162739869781035,-0.6601415692437526,2.7597813130801274,0.23552820825545087,1.0,0,0.02416020485742351,0.43324198688227716
0,1,0,0,0,-0.896295647704083,-0.6601415692437526,0.58804957017041,0.23552820825545087,1.0,0,-1.0414549956743597,2.552863227078436
1,1,0,1,0,-0.742466940072043,-0.6601415692437526,0.0830221884858932,0.23552820825545087,1.0,1,-0.8941184119488053,0.851563756651278
1,0,1,1,0,-0.18700036053750307,-0.10938417143203248,-0.9133523749278041,-4.427727564951469,0.0,1,-0.20942873760837938,-0.5562469968507997
1,1,0,1,0,-0.23843245123514564,1.4098435171342656,-0.46418580972757895,2.2630307183454157,0.0,2,0.16242819946309195,-0.5143535942043705
1,1,3,0,0,0.10733146759127876,-0.6601415692437526,-1.2827177737218978,0.23552820825545087,1.0,0,-0.08018454896644936,-0.7003556098979371
1,1,2,1,0,-0.0448607644276545,-0.6601415692437526,0.07618208850822486,0.23552820825545087,1.0,2,-0.22595372222683827,-0.20625895125583923
1,1,3,0,0,-0.23983514461780864,0.41140388132422445,-0.5086464595824236,0.23552820825545087,1.0,0,-0.1156752002134104,-0.4509036489481997
1,0,1,1,1,3.3117845002848547,3.127951333804473,-0.47786600968291576,0.23552820825545087,0.0,1,4.039059719800707,-0.7549862898246008
1,1,2,1,0,-0.6201988335499199,-0.4535065701820951,-0.5348668428301524,0.23552820825545087,1.0,2,-0.7197328019101096,-0.057948144603813714
0,0,0,0,0,-0.8217191161925013,2.7452161400772908,5.251857738277315,0.23552820825545087,1.0,2,-0.02608649634016669,1.2173272629572849
1,1,0,1,1,0.19687006185126563,1.81043107004543,-0.06974004434870117,0.23552820825545087,1.0,2,0.6903992188650443,-0.5276057055750639
1,1,0,1,0,-0.4270947112033164,-0.6601415692437526,-0.2760830603416979,0.23552820825545087,1.0,1,-0.592056023733345,-0.06273424679563688
1,1,2,1,0,-1.0134205451564418,-0.6601415692437526,-0.5177665928859815,-2.8057255568794965,1.0,1,-1.15363680182406,2.323421171581786
1,0,0,1,0,-0.1388412210660741,-0.6601415692437526,1.4727025006155237,0.23552820825545087,1.0,1,-0.31596786608348393,0.3844405200086076
1,1,3,1,0,-0.2099110191209984,-0.6601415692437526,1.6915856999009122,0.23552820825545087,0.0,2,-0.38403826342781305,0.5654338177546652
1,1,2,1,0,-0.7885220394694774,-0.6601415692437526,0.4672078038982683,0.23552820825545087,1.0,2,-0.9382298207541764,1.457144741956414
1,0,0,1,0,-0.5381412706641355,0.37755710078988725,-1.1436357408426403,0.23552820825545087,1.0,1,-0.41077380764792126,-0.5881080122918552
0,1,0,1,0,0.27284928674551034,-0.24380193469966258,-0.41630510988390024,0.23552820825545087,1.0,2,0.19375401718832752,-0.5092559902279623
1,1,3,1,1,0.5180868464810879,-0.6601415692437526,-1.2416771738558874,-2.8057255568794965,1.0,1,0.31323547779008415,-0.7259554131796566
1,0,0,0,0,-0.6849565113828607,0.8968103353357566,-1.0319141078740564,0.23552820825545087,1.0,0,-0.40745985409299995,-0.5421088937686049
1,1,1,1,0,0.6950599949270672,-0.23766266185811216,3.414150877610405,0.23552820825545087,0.0,1,0.5998476771346276,0.17517854023233073
0,0,0,1,0,0.6873451813224207,3.8611097589348886,0.24718458794993492,0.23552820825545087,1.0,2,1.7286071278345054,-0.5969825708165373
1,0,3,1,0,3.4356890824200845,-0.6601415692437526,0.8548134692994778,0.23552820825545087,1.0,1,3.107704421399383,-0.622715661324563
1,0,3,0,0,-0.3576613887614989,-0.6601415692437526,-0.639748375821068,0.23552820825545087,1.0,2,-0.5255530368541814,-0.30603741849902105
1,1,0,1,0,-0.39553411009339934,-0.6601415692437526,0.3247057210301766,-2.8057255568794965,0.0,2,-0.5618273933337251,0.21054753087059463
1,0,2,0,0,-0.38781929648875296,-0.6601415692437526,-0.891692058331854,0.23552820825545087,1.0,0,-0.5544381725693737,-0.41193167160877137
1,1,0,1,0,0.4666547557834453,-0.6601415692437526,-0.14498114410305352,0.23552820825545087,0.0,0,0.26397400602774074,-0.459247130972447
1,0,0,1,0,-0.13463314091808518,-0.5619939836847557,0.7282716197126123,2.2630307183454157,1.0,1,-0.2847316146705435,0.07160263322847985
1,0,2,1,0,0.5134112018722113,-0.03474353846370894,0.635930270014089,0.23552820825545087,1.0,1,0.48211275962262684,-0.3420747000482286
1,1,0,1,0,-0.1715707333282103,-0.6601415692437526,0.047681671934606526,0.23552820825545087,0.0,0,-0.3473160753867934,-0.13615334829933437
1,1,0,1,0,-0.33288047233445295,-0.6601415692437526,-0.22478231050918487,0.23552820825545087,1.0,2,-0.5018179640959614,-0.12703893629829718
0,1,0,1,0,-0.10844953110837623,0.17794995353368895,0.5059683704383893,-0.7782230467895316,1.0,0,-0.05454619207195699,-0.16468974509037382
0,1,0,1,0,-0.6092110687190598,-0.6601415692437526,-0.7332297421825361,0.23552820825545087,1.0,2,-0.7664864169281882,-0.12847902112448378
1,1,0,0,0,-0.6704620130953433,-0.6601415692437526,0.2825251045012216,0.23552820825545087,1.0,1,-0.8251523514815244,0.7626989830783395
1,1,0,1,0,1.385185139197253,1.0792113626544515,-0.4653258263905238,-4.427727564951469,1.0,0,1.625874567631946,-0.6796097012013421
1,1,2,0,1,-0.42499067112932193,-0.6601415692437526,1.6060844501800573,0.23552820825545087,1.0,2,-0.5900407817067037,0.9295534694361781
1,1,2,1,0,-0.09208477497730813,-0.43169599561342914,-0.1723415440137272,0.23552820825545087,0.0,1,-0.20786132714321393,-0.30218238987596535
0,0,1,1,1,0.6024822316713104,-0.6601415692437526,0.725991586386723,0.23552820825545087,1.0,0,0.39406907463647495,-0.29602444512803977
0,1,0,0,1,0.2352103476440537,-0.6601415692437526,2.7050605132587804,0.23552820825545087,0.0,1,0.0422973830971954,0.4006844022210111
1,1,1,1,0,0.21253347129100222,0.20420342292189794,0.8126328527705228,0.23552820825545087,0.0,1,0.260167437755196,-0.22812103209702314
1,0,2,1,0,0.38553232181943636,-0.21609442700687578,2.1350521817864134,0.23552820825545087,1.0,0,0.309361734783318,0.06119309146915353
1,1,0,0,0,2.845388950549414,-0.6601415692437526,-0.7332297421825361,0.23552820825545087,0.0,1,2.5423170750361237,-0.7450669120704244
1,0,0,0,0,0.18822011932484392,-0.23087714977008278,-0.9407127748384777,0.23552820825545087,1.0,1,0.11627915705300561,-0.629781116789513
1,1,3,1,0,-0.9823275085074124,1.8256984722434964,-0.7024492922830283,0.23552820825545087,1.0,1,-0.4347999709211005,-0.38971677149509365
0,1,2,0,0,-0.50728201624555,-0.6601415692437526,0.02260130534982219,0.23552820825545087,1.0,0,-0.6688591365264531,0.20998465082931725
1,1,0,1,0,-0.45795396562190194,-0.6601415692437526,1.3872012508946685,0.23552820825545087,1.0,1,-0.621612906790751,0.8911191607521249
1,1,0,0,0,-0.5294913281377138,-0.14403875102446834,-0.0936803942705405,0.23552820825545087,1.0,1,-0.5470713433830959,-0.01858415604590659
1,1,0,1,0,0.6239901968721429,2.3230603523148896,0.6382103033399783,-0.7782230467895316,0.0,1,1.2415903047295196,-0.49186998609463667
1,0,0,0,0,-0.08460374360310557,0.8374371045654992,0.5652492369115153,0.23552820825545087,1.0,0,0.15109806095775288,-0.24572181056080974
0,0,1,1,0,2.544745002198649,-0.10833403265650406,0.2563047212534926,0.23552820825545087,1.0,1,2.4073182508292286,-0.641363287013137
0,1,2,0,0,-0.50728201624555,-0.6601415692437526,0.02260130534982219,0.23552820825545087,1.0,0,-0.6688591365264531,0.20998465082931725
1,1,0,1,0,-0.21505422819076267,1.1130581431887887,-0.5736274093702735,0.23552820825545087,1.0,2,0.10255311969377098,-0.5295235073552742
1,0,0,1,1,1.1242841700219388,-0.6601415692437526,-0.969213191412096,0.23552820825545087,1.0,2,0.8938490972435227,-0.7107393620331189
1,1,2,0,1,2.4488942877166786,-0.6601415692437526,-0.9144923915907487,0.23552820825545087,1.0,1,2.1625559109046035,-0.7537991267930034
1,1,0,0,0,-0.4761889795965206,-0.6601415692437526,-0.7400698421602045,0.23552820825545087,1.0,2,-0.6390783376883091,-0.2704526127027586
1,1,2,1,0,0.06992631072026598,-0.2753060979655134,-0.29432332694881375,0.23552820825545087,1.0,2,-0.009337595940970094,-0.4210560436317876
0,1,2,0,0,-0.50728201624555,-0.6601415692437526,0.02260130534982219,0.23552820825545087,1.0,0,-0.6688591365264531,0.20998465082931725
1,0,2,0,0,0.598975498214653,-0.6601415692437526,-0.47786600968291576,0.23552820825545087,1.0,1,0.39071033792540605,-0.5619633990020017
1,1,1,1,0,0.20435109322546818,-0.6601415692437526,0.48772810383127363,0.23552820825545087,1.0,0,0.012740500039789352,-0.20475124315846002
1,1,0,1,0,-0.2169244860343133,-0.6601415692437526,-0.9395727581755329,0.23552820825545087,0.0,0,-0.3907557368499508,-0.5095716265575663
1,1,2,1,0,0.3025396300118767,-0.07642596986160388,-1.2872778403736767,0.23552820825545087,0.0,1,0.2685866711109421,-0.7334850823103277
1,0,3,1,0,-0.13042506077009625,-0.6601415692437526,-0.1324409608106615,0.23552820825545087,1.0,1,-0.30790689797691867,-0.2323964492969526
1,0,0,1,0,-0.6699944486344557,-0.2330582072269493,-0.9806133580415434,0.23552820825545087,0.0,1,-0.7063202466439079,-0.35741209274656954
0,1,1,1,0,-0.5750788630742607,0.5440444866640374,-0.43454537649101593,0.23552820825545087,1.0,1,-0.4000034585944271,-0.2956502074563888
1,0,2,1,1,0.12369622372234686,-0.21528662794877707,0.26086478790527157,0.23552820825545087,1.0,1,0.0587999761375804,-0.2890558011711982
1,0,0,1,0,-0.6501229590467301,-0.6601415692437526,-0.7446299088119835,0.23552820825545087,1.0,1,-0.805671678557325,-0.08033752772208927
1,0,0,0,0,-0.14912763920560262,-0.008328509263880235,0.36118625424440826,0.23552820825545087,1.0,2,-0.14514251695852137,-0.1583693634075213
1,1,0,1,0,0.6216523745677045,0.004434715854079892,-0.06746001102281184,0.23552820825545087,1.0,2,0.5966456814700755,-0.5114914641236913
1,1,0,1,0,-0.5694680895436087,-0.6601415692437526,-0.48242607633469475,2.2630307183454157,1.0,1,-0.7284207342027411,-0.011564601417519298
1,0,2,0,0,1.380977059049264,0.9433395610822438,0.7305516530385017,0.23552820825545087,1.0,1,1.5841814492585442,-0.5217462134078831
1,0,0,1,0,-0.5563762846387543,-0.6601415692437526,-0.4550656764240211,0.23552820825545087,1.0,0,-0.7158814504814173,-0.011881485848198769
1,1,0,1,0,-0.5007361137931228,1.3554786405242203,1.102197085158485,0.23552820825545087,0.0,1,-0.10387483856852182,0.05030200228235601
1,1,0,1,0,2.3144695052114765,0.8876822059792406,-1.0170938912557748,0.23552820825545087,1.0,0,2.4628493644522336,-0.771255943782506
1,1,1,1,0,-0.11780082032612943,0.3077632621701563,-1.1846763407086507,0.23552820825545087,1.0,1,-0.02751955733688953,-0.6774234438607191
1,1,0,0,0,0.042340007527894054,3.3971907598687827,-0.09824046092231951,0.23552820825545087,1.0,1,0.9822286559007817,-0.5728059992746735
1,1,2,1,0,-0.11873594924790475,-0.6601415692437526,0.9061142191319908,0.23552820825545087,1.0,1,-0.29671110894002245,0.1490296358522785
1,0,0,1,0,0.238950863331155,-0.3868631478889492,-0.4265652598504028,0.23552820825545087,0.0,2,0.12163074421264213,-0.49495459511223683
1,1,0,1,0,0.5931309424535572,-0.6601415692437526,-1.0262140245593327,0.23552820825545087,0.0,0,0.38511244340695794,-0.6830585421632921
1,0,0,1,0,-0.6047692063406271,-0.6601415692437526,-0.691049125653581,0.23552820825545087,1.0,0,-0.7622320170941677,-0.10471797870094615
1,1,2,1,0,-0.2980469199983223,0.8321864106878575,-0.12104079418121418,0.23552820825545087,1.0,1,-0.05479249943076879,-0.35340572863623587
1,1,0,1,0,2.0287876196091164,-0.5783923045641601,2.21599336485549,0.23552820825545087,1.0,2,1.782839529929231,-0.3618601148602449
1,1,0,1,0,-0.05678365818028982,-0.6601415692437526,0.3737264375368003,-0.7782230467895316,1.0,0,-0.23737342704447242,-0.09437675908997527
1,1,0,1,0,-0.1778828535501937,-0.6601415692437526,-0.8688917250729594,0.23552820825545087,0.0,2,-0.35336180146671736,-0.49479816080488925
1,0,0,1,0,-0.0738497610026894,1.1554675937389727,1.3256403510956525,0.23552820825545087,1.0,0,0.2495538297482185,-0.09973989941229561
1,0,0,1,0,0.20739026222123796,0.27084684521504393,0.10810255507067722,0.23552820825545087,0.0,1,0.27371434248984045,-0.40132056029098856
1,0,0,1,0,-0.5718059118480471,-0.22813063297254707,-0.5063664262565342,0.23552820825545087,0.0,0,-0.6109097324714782,-0.16670077237546113
1,1,0,0,0,1.4943614408145216,0.2959693959219146,2.7506611797765697,0.23552820825545087,1.0,2,1.5133344962330648,-0.24436215928256813
1,1,1,1,0,-0.8018476266047757,0.11930374191572049,-0.9566730081197039,0.23552820825545087,0.0,0,-0.7349366834222146,-0.3168370755271176
1,0,2,1,0,-0.4233541955162151,-0.6601415692437526,-0.23960252712746655,0.23552820825545087,1.0,1,-0.5884733712415382,-0.04743893943242105
1,0,0,1,0,0.05028860336298427,0.1286742109896659,-0.4516456264351869,0.23552820825545087,1.0,0,0.08383376042408042,-0.4922041807890489
1,0,0,1,0,-0.14772494582293966,-0.6601415692437526,0.575509386878018,0.23552820825545087,1.0,2,-0.32447666575152506,0.05020212727198988
1,1,0,1,0,0.8187307948318532,-0.6601415692437526,-0.7092893922606966,0.23552820825545087,1.0,1,0.6011911718190552,-0.6388880284536035
1,0,2,1,0,-0.2569012474402082,-0.6601415692437526,0.7864124695227938,0.23552820825545087,0.0,2,-0.42904533535613587,0.24848755196810102
1,0,2,0,0,-0.1919097873768235,1.7575202317399627,-0.8905520416689093,0.23552820825545087,0.0,1,0.3033607918595416,-0.6430983339761176
1,0,0,1,0,0.664902087199813,0.39864065620626443,-0.29660336027470324,0.23552820825545087,0.0,2,0.7473410019066987,-0.5779723033089535
1,1,3,1,0,-0.39015711879319126,1.224372853394795,-0.39464479328795027,0.23552820825545087,0.0,1,-0.03430420549324869,-0.4424293666800447
1,0,2,1,0,0.16180272728469114,-0.22360695824719412,-1.0478743411552827,0.23552820825545087,0.0,2,0.09299191585626145,-0.6550431242897852
0,1,0,1,1,-0.4443945962561598,-0.6601415692437526,-0.29660336027470324,0.23552820825545087,1.0,2,-0.6086257915079514,-0.05512429532507918
1,1,1,0,0,-0.778001839099505,-0.08280758242058389,-0.1677814773619482,-2.8057255568794965,1.0,1,-0.7681210021275752,0.27259990738662426
0,1,0,1,0,0.0018956816611114822,-0.6601415692437526,-0.6579886424281837,-2.8057255568794965,1.0,1,-0.18117056607925336,-0.4779233356450569
1,1,3,1,0,0.47086283593143424,0.33345127221769616,1.8534680660390643,0.23552820825545087,1.0,2,0.5434209003886706,-0.11109856771821922
0,1,0,0,0,-0.9362724091099779,-0.0775568885429421,-0.7343697588454808,0.23552820825545087,1.0,2,-0.9182565331123536,0.1553125708219879
1,1,1,0,1,2.977943475211066,0.6622254888638829,-0.5941477093032786,-2.8057255568794965,1.0,0,3.0358274557825093,-0.744348063133792
0,1,0,1,0,0.9580650041763757,0.5715096546393945,-0.26240286038636124,0.23552820825545087,1.0,0,1.076049368029972,-0.6094410298964253
1,1,0,1,0,-0.7854828704737076,-0.6601415692437526,0.02716137200160119,0.23552820825545087,1.0,2,-0.9353189156045834,0.98587495704736
1,1,2,1,0,-0.1535695015840354,-0.6601415692437526,-0.8472314084770095,0.23552820825545087,1.0,2,-0.3300745602699732,-0.49481923336486155
1,1,0,1,0,-0.23843245123514564,1.4098435171342656,-0.46418580972757895,2.2630307183454157,0.0,2,0.16242819946309195,-0.5143535942043705
1,0,1,0,0,-0.1629207908017886,0.22270202135235914,-0.7959306586444965,-2.8057255568794965,1.0,1,-0.09431363473101248,-0.5472428203704602
1,1,0,1,0,0.018494220022623405,0.3105905588735019,0.3851266041662476,0.23552820825545087,1.0,1,0.10380704806590324,-0.27366856618296487
0,1,0,1,0,-0.38337743411032016,-0.3730497839954608,-0.9874534580192117,0.23552820825545087,1.0,2,-0.47060410426109467,-0.49897525050827485
1,0,0,1,0,-1.0613459023974268,-0.10284099906143267,-0.20426201057617988,0.23552820825545087,0.0,1,-1.0450600397442402,1.4340403604447227
1,0,0,1,0,-0.6005611261926381,-0.6601415692437526,-0.9555329914567592,0.23552820825545087,1.0,0,-0.758201533040885,-0.29337783177736504
1,0,0,1,0,1.11703692087818,-0.10122540094523519,-0.06517997769692217,0.23552820825545087,1.0,0,1.041835036733217,-0.5744264338069516
1,1,0,0,0,-0.7081009521967999,-0.6601415692437526,-0.07544012766342484,0.23552820825545087,1.0,2,-0.8612027921803304,0.5887208802036651
0,1,0,1,0,-0.8406554768584514,-0.6601415692437526,0.2084240214098139,0.23552820825545087,0.0,2,-0.9881630398587335,1.514605433068518
1,0,0,0,0,-0.6349271140678812,0.264384452750254,-0.5770474593591076,0.23552820825545087,1.0,2,-0.5348455417548053,-0.26875670259552026
1,1,0,1,0,0.02480634024460681,-0.6601415692437526,-1.4126796732975972,0.23552820825545087,1.0,1,-0.15922681956693674,-0.7330987889716776
1,1,0,1,0,0.2295995741134018,-0.6601415692437526,-0.15638131073250086,0.23552820825545087,0.0,0,0.03692340435948521,-0.39701338863254776
1,1,0,1,0,1.7812122375691009,0.007989031709714324,0.09328233845239588,0.23552820825545087,0.0,0,1.7082531833654282,-0.6144922890887959
1,1,0,1,0,-0.5007361137931228,1.3554786405242203,1.102197085158485,0.23552820825545087,0.0,1,-0.10387483856852182,0.05030200228235601
1,1,2,1,0,-0.9519358185497144,-0.6601415692437526,0.2905052211418346,0.23552820825545087,1.0,0,-1.0947469514899857,2.8920212877219083
1,0,0,1,0,-0.9708721792156647,-0.6601415692437526,-0.8529314917917332,0.23552820825545087,0.0,0,-1.1128841297297576,0.9591965643337111
1,1,1,1,0,0.34181504472644014,-0.6601415692437526,-0.25556276040869286,0.23552820825545087,0.0,2,0.14440297911368902,-0.4560656558732532
1,1,1,1,1,0.5381921182992573,-0.6601415692437526,-0.22478231050918487,0.23552820825545087,1.0,0,0.3324922349335457,-0.493749122067376
1,1,0,1,0,-0.7716897188775217,-0.6601415692437526,-0.22478231050918487,0.23552820825545087,1.0,0,-0.9221078845410459,0.6716078990940693
1,1,1,1,1,-0.9192063062875783,-0.6601415692437526,-0.43454537649101593,-1.791974301834514,1.0,0,-1.0633987421866762,1.2454220957025972
1,0,2,1,0,-0.8366811789409063,0.6875903792881833,0.3885466541550816,-3.8194768119244786,1.0,2,-0.6107753830030355,0.32025812566838713
1,1,0,1,0,-0.44252433841260913,3.4729623115184447,-0.8073308252739438,0.23552820825545087,1.0,0,0.5388306268835432,-0.6519110652328978
1,0,0,1,0,0.4853573342189517,0.0768942913655367,-1.0387542078517247,0.23552820825545087,1.0,1,0.48618802683205703,-0.6948241087745916
1,0,0,1,0,-0.6332906384547743,-0.6601415692437526,-0.0378195777862485,0.23552820825545087,1.0,2,-0.7895497423441945,0.41505521254915784
1,1,0,0,0,-0.5556749379474228,0.8537546455390936,-1.1789762573939269,-2.8057255568794965,1.0,2,-0.29556913845825894,-0.6307134128245643
1,0,1,1,0,0.03906705630168043,-0.460049742552695,-0.6294882258545653,0.23552820825545087,1.0,1,-0.09010401805313946,-0.4966823271943591
0,0,2,0,0,-0.8154069959705178,-0.6601415692437526,-0.43454537649101593,0.23552820825545087,1.0,0,-0.9639801355390377,0.6264170629876525
1,1,0,1,1,1.5640285454867828,-0.6601415692437526,-0.8848519583541857,0.23552820825545087,1.0,2,1.3150346808115587,-0.7201757695175405
1,1,2,1,1,-0.6080421575668407,-0.6601415692437526,-0.9954335746598248,0.23552820825545087,1.0,0,-0.7653668380244987,-0.31398900915494243
1,1,0,1,0,0.5914944668404505,-0.6601415692437526,-1.2872778403736767,0.23552820825545087,1.0,0,0.3835450329417925,-0.7410615662574673
1,1,0,1,0,-0.7160495480318901,-0.6601415692437526,-0.44822557644635275,0.23552820825545087,1.0,2,-0.8688159287254198,0.28961286842971656
1,1,0,1,0,2.8783522450419943,0.33022007598530123,0.1252028050148482,0.23552820825545087,1.0,2,2.8484099473048663,-0.6748056090615512
1,0,1,0,1,3.0088027296296516,-0.6601415692437526,0.27910505451238726,2.2630307183454157,0.0,2,2.698834205771933,-0.6540293324988332
0,0,0,1,0,-0.758831696203111,0.7892922807028144,-0.5268867261895392,0.23552820825545087,1.0,2,-0.5080204312224018,-0.2645059947687434
1,1,0,1,0,-0.19565030306392478,7.630623283646843,-0.30800352690415056,0.23552820825545087,1.0,0,1.9277578232228156,-0.6767488128149002
1,1,0,1,0,0.4449130083521691,-0.6601415692437526,-0.2886232436340899,-2.8057255568794965,1.0,2,0.24314983841911375,-0.4889569543163529
0,0,0,1,1,0.07857625324668768,-0.6601415692437526,-0.9019522082983568,0.23552820825545087,1.0,1,-0.10772618999721408,-0.5772497762016998
1,1,3,1,0,-0.6304852516894484,0.9541640684607671,-0.9543929747938144,0.23552820825545087,0.0,2,-0.33938945674867094,-0.5332702622282918
0,0,2,0,0,0.8484211380982195,-0.6601415692437526,-0.5724873927073286,0.23552820825545087,1.0,2,0.6296284759727716,-0.6153311692750255
1,0,0,1,0,-0.6980483162877152,0.9190248094334719,-0.22478231050918487,0.23552820825545087,1.0,1,-0.41384145384403076,-0.19828892452839866
0,0,0,1,0,-0.49722938033646535,-0.6601415692437526,-0.2806431269934769,0.23552820825545087,1.0,1,-0.6592307579547224,0.016590653110576153
1,0,0,1,1,-0.8294339297971476,-0.6601415692437526,-0.7309497088566467,0.23552820825545087,1.0,0,-0.9774150823833132,0.3428422760755025
0,1,0,1,0,1.049707638510357,-0.09120869262481085,0.002081005416817181,0.23552820825545087,1.0,2,0.9801238475618448,-0.5560560363701367
1,1,0,1,0,-0.39670302124561846,3.352357912144303,-0.22478231050918487,0.23552820825545087,0.0,0,0.5492874938440044,-0.5348667658085164
1,1,0,1,0,0.893073544112991,-0.6601415692437526,-0.3273838101742109,0.23552820825545087,1.0,0,0.6723963900937152,-0.5736985764493465
1,1,0,1,0,-0.44860267640414875,2.150999152939858,3.2625286614387554,-0.7782230467895316,1.0,1,0.16657064140674355,0.4377065679385448
0,1,0,1,0,0.6653696516607007,-0.3339523095834818,-0.47786600968291576,-5.644229071005447,1.0,1,0.5447196119169504,-0.585549204700629
1,1,0,1,0,0.8187307948318532,-0.6601415692437526,-0.7092893922606966,0.23552820825545087,1.0,1,0.6011911718190552,-0.6388880284536035
0,0,2,1,0,-0.4266271467424287,-0.6601415692437526,1.346160651028658,0.23552820825545087,0.0,1,-0.5916081921718691,0.7958369775264398
1,1,0,0,0,-0.5524019867212092,-0.6601415692437526,1.3473006676916028,0.23552820825545087,1.0,0,-0.7120748822088726,1.132866521357762
1,1,0,1,0,0.14450284223184773,0.6816126662582526,0.08188217182294853,0.23552820825545087,1.0,2,0.3273421719765734,-0.4219682761849412
1,1,2,1,0,-0.3670126779792521,-0.6601415692437526,-0.8210110252292807,0.23552820825545087,0.0,2,-0.5345096680836984,-0.3885601038973372
1,1,0,0,0,0.35794601862706443,0.022206295132252144,-0.2065420439020692,0.23552820825545087,0.0,2,0.34899482797393067,-0.4931110151699973
1,1,0,0,1,-1.0491892264143476,-0.6601415692437526,-1.0091137746151617,0.23552820825545087,1.0,1,-1.1878959162769622,1.6459523734283048
0,1,0,1,0,-0.305294169142081,0.42303618776084634,-0.9201924749054724,-2.8057255568794965,0.0,0,-0.17514723157740325,-0.5673129731138629
1,1,1,1,0,0.34181504472644014,-0.6601415692437526,-0.25556276040869286,0.23552820825545087,0.0,2,0.14440297911368902,-0.4560656558732532
1,1,0,1,0,0.04070353191478725,-0.6601415692437526,-0.8529314917917332,-4.427727564951469,0.0,2,-0.14400054647675786,-0.5529591713817741
1,1,1,0,0,-0.31324276497717124,-0.6601415692437526,0.0830221884858932,0.23552820825545087,0.0,2,-0.4830090385139757,-0.002239536315471303
1,1,1,1,0,-0.4560837077783513,-0.6601415692437526,0.43984740398759464,0.23552820825545087,1.0,0,-0.6198215805448476,0.36405041864851273
1,1,0,1,0,0.48465598752762024,0.12221181852487598,1.0349361020447458,0.23552820825545087,1.0,2,0.49807795478924094,-0.2633179943150949
0,1,0,1,0,-0.7144130724187833,0.31931478870096824,-0.9600930581085381,0.23552820825545087,0.0,2,-0.5957506341155208,-0.4229832064854669
0,0,0,0,0,-0.1792855469328567,0.2180167868153863,-0.22478231050918487,0.23552820825545087,1.0,1,-0.111286450910947,-0.3627946266247436
1,1,0,1,0,-0.7660789453468697,-0.6601415692437526,2.319734881183461,0.23552820825545087,1.0,0,-0.9167339058033357,3.141948003419702
1,0,0,1,0,-0.10564414434305026,0.7615847730100277,0.9881954188640117,0.23552820825545087,1.0,2,0.10991994888004862,-0.11572940898261189
1,1,2,1,1,-0.6980483162877152,0.5950973871358777,1.3210802844438738,0.23552820825545087,1.0,1,-0.5036316819199386,0.6027368654175265
0,1,0,1,0,-0.1949489563725933,-0.6601415692437526,-0.806190808610999,0.23552820825545087,0.0,2,-0.36970765346058587,-0.46337227427177324
0,1,0,1,0,-0.9930814911078285,0.13610596232417432,-0.9315926415349197,0.23552820825545087,1.0,2,-0.9134423438264881,-0.048626660153076644
1,0,2,1,0,-0.8240569384969395,-0.6601415692437526,-0.7001692589571389,0.23552820825545087,1.0,0,-0.9722650194263409,0.3594177576311292
1,0,3,1,1,-0.5173346521546347,0.9399468050382292,-0.5793274926849972,-0.7782230467895316,0.0,0,-0.2349551366125028,-0.43170774027359354
1,1,0,1,1,0.489097849906053,-0.6601415692437526,-0.0469397110898065,0.23552820825545087,1.0,1,0.28546992097858154,-0.44128002422219603
1,1,0,1,0,0.19266198170327667,1.715676240530448,-0.05719986105630916,0.23552820825545087,1.0,2,0.6601034137312032,-0.5203088887529238
0,0,0,1,0,-0.34690740616108273,-0.6601415692437526,0.16624340488085856,-2.8057255568794965,1.0,1,-0.5152529109402368,0.07216049082143265
1,0,3,1,0,-0.259940416435978,-0.6601415692437526,0.016901222035098525,0.23552820825545087,1.0,1,-0.4319562405057289,-0.08036410148552843
0,1,2,1,1,-0.6597080304949271,-0.6601415692437526,-0.015019244527353823,2.2630307183454157,1.0,0,-0.81485222556758,0.49842628352487023
0,1,0,1,0,2.2854805086364416,2.8444946443176256,-0.0640399610339775,0.23552820825545087,1.0,2,2.97749739490028,-0.696513770744552
1,0,0,1,0,-0.45164184539991853,0.535320256836571,-0.644308442472847,0.23552820825545087,1.0,0,-0.28419421679677254,-0.43568855044870924
0,1,2,1,0,-0.5605843647867432,-0.6601415692437526,3.7481757598532113,0.23552820825545087,1.0,2,-0.7199119345346999,2.7123758375687474
0,1,3,0,0,-0.8965294299345268,-0.40520018650779055,-0.4653258263905238,0.23552820825545087,1.0,1,-0.9710110910542085,0.6227674799407248
1,1,0,1,0,-0.6648512395646914,0.45203617394659096,0.3190056377154529,0.23552820825545087,1.0,1,-0.5114911258238397,0.14045817286642528
1,0,0,1,0,-0.36116812221815636,-0.12667107127534546,-0.9532529581308697,-0.7782230467895316,1.0,2,-0.3810377919659249,-0.5186977710554801
1,1,0,1,0,-0.41984746205955764,2.1392860665974265,0.2209642047022059,0.23552820825545087,1.0,1,0.19086550361680837,-0.3483006802270969
0,1,1,1,0,-0.2746686969539393,1.0562698694044477,-0.5052264095935894,0.23552820825545087,1.0,2,0.02971331621972408,-0.4929770716430463
1,0,0,0,0,-0.9977571357167051,-0.6601415692437526,0.5641092202485707,0.23552820825545087,0.0,0,-1.1386344445146188,4.547762658909644
0,0,1,1,0,0.7838972424957225,0.11478006719036754,-0.46646584305346844,0.23552820825545087,1.0,2,0.7826301289509954,-0.613073641137761
1,0,0,1,0,2.8180364295874862,-0.6601415692437526,-0.3216837268594872,0.23552820825545087,1.0,0,2.5161189286897865,-0.7039462572437717
0,1,0,1,0,0.781793202421728,2.5342998060077098,1.8204075828136672,0.23552820825545087,1.0,1,1.4512874333905859,-0.35761662311520753
1,0,1,1,0,-0.2099110191209984,0.3764261821085491,2.6674399633816046,0.23552820825545087,0.0,0,-0.09670953358490823,0.53283979665151
1,1,0,1,0,0.10920172543482941,-0.6601415692437526,-0.022999361167967153,0.23552820825545087,0.0,2,-0.07839322272054595,-0.31381679619072445
1,0,0,1,0,1.3276747105080708,-0.6601415692437526,0.27226495453471894,0.23552820825545087,1.0,2,1.088655826485517,-0.5267441197446372
0,0,1,1,0,-0.5806896366049126,-0.6601415692437526,-0.8130309085886676,0.23552820825545087,1.0,1,-0.7391686916781615,-0.21676007289457544
1,0,1,0,1,-0.47455250398341386,-0.6601415692437526,-0.5428469594707657,-5.2387285689874545,1.0,0,-0.6375109272231436,-0.1601306458083999
1,1,0,1,0,-0.4338743958861874,-0.6601415692437526,-0.28976326029703486,0.23552820825545087,1.0,1,-0.5985495813747448,-0.06281026356169965
1,1,0,1,0,-1.0026665625560256,-0.6601415692437526,-1.2051966406416559,0.23552820825545087,1.0,2,-1.1433366759101153,0.46555924333019305
0,1,2,1,0,0.0007267705088923327,-0.19509165149630858,0.23920447130932157,0.23552820825545087,0.0,2,-0.053381830012119824,-0.24558115600541097
1,1,3,0,0,0.41989830969467934,-0.20211950330176764,-0.0640399610339775,-2.8057255568794965,1.0,0,0.34615109755855905,-0.46003970052921617
1,1,0,1,0,0.11224089443059919,-0.6601415692437526,-0.656848625765239,0.23552820825545087,1.0,0,-0.07548231757095294,-0.5092158349309088
1,0,0,0,0,0.18822011932484392,-0.23087714977008278,-0.9407127748384777,0.23552820825545087,1.0,1,0.11627915705300561,-0.629781116789513
0,1,0,1,0,-0.9082185414567183,-0.6601415692437526,0.648470453306481,-2.8057255568794965,1.0,0,-1.0528747004919938,2.8018950080000673
1,1,2,1,1,0.3687000012274806,-0.28047601193734534,2.437156597466768,0.23552820825545087,1.0,2,0.2753937108453749,0.15264030631298142
1,1,3,1,1,1.4660737909308181,-0.6601415692437526,-0.6032678426068365,0.23552820825545087,1.0,0,1.2212139686823684,-0.6736705719587516
1,1,0,1,0,-0.640537887598533,-0.6601415692437526,0.48772810383127363,0.23552820825545087,0.0,1,-0.7964911315470702,0.824065814068602
0,1,2,1,0,-0.6569026437296012,0.13012824929424358,1.1135972517879325,2.2630307183454157,1.0,1,-0.5931084279028132,0.6759035245240557
1,1,0,1,0,2.0668941231714606,0.7693396439677755,-0.9372927248496434,0.23552820825545087,1.0,1,2.192918890772666,-0.7570346111954499
1,1,0,1,0,-0.08530509029443707,0.2126045331261249,0.7453718696567834,0.23552820825545087,0.0,0,-0.02277254278524557,-0.11130593537276244
1,1,1,0,0,-0.6452135322074096,-0.6601415692437526,-1.3237583735879082,0.23552820825545087,1.0,0,-0.8009694471618286,-0.5229810756459512
1,1,1,1,1,0.623756414641699,1.2532920596747297,0.8285930860517491,0.23552820825545087,1.0,2,0.9448347205175482,-0.4134541399217463
1,1,0,1,0,-0.5991584328099752,-0.6601415692437526,0.3395259376484583,0.23552820825545087,0.0,0,-0.7568580383564575,0.5998584987116753
1,0,0,1,0,1.1207774365652814,0.09765472715867433,-0.8244310752181149,0.23552820825545087,0.0,2,1.1005457544427009,-0.6996346442221253
1,0,3,1,1,-0.053510706954076205,-0.6601415692437526,0.10810255507067722,0.23552820825545087,0.0,2,-0.2342386061141415,-0.19006284704173343
1,1,0,0,0,-0.7303102640889637,-0.6601415692437526,0.9163743690984935,0.23552820825545087,1.0,0,-0.8824747913504332,1.5532359803415947
1,0,0,0,0,0.722646298119439,0.23473822731803023,2.868082896059877,-4.427727564951469,1.0,1,0.7572156878372409,-0.002371060011910843
1,1,0,0,0,-0.5923787481271041,0.5505068791288273,-0.22478231050918487,0.23552820825545087,1.0,1,-0.4147819001231301,-0.19760219785879565
1,1,0,1,0,-0.7976395464567868,-0.6601415692437526,-0.22478231050918487,0.23552820825545087,0.0,1,-0.9469625362029555,0.7784515563552622
1,0,0,1,0,-0.6515256524293931,0.22011706436644315,-0.5485470427854893,0.23552820825545087,0.0,1,-0.5630141469716362,-0.2322364798634059
1,1,2,1,0,0.5573622611956514,-0.6601415692437526,0.9551349356386144,0.23552820825545087,1.0,0,0.35085332895405547,-0.22961164080711985
1,1,0,1,1,-0.8053543600614331,1.2280079491562395,0.19018375480269822,0.23552820825545087,1.0,2,-0.430971011070482,-0.006437447610972247
1,1,0,1,0,-0.36303838006170697,-0.6601415692437526,0.17422352152147189,0.23552820825545087,1.0,2,-0.5307030998111536,0.09446862970716516
1,0,0,1,0,-1.0169272786130992,-0.6601415692437526,-1.2781577070701189,0.23552820825545087,1.0,0,-1.1569955385351287,0.3992153020829435
1,1,1,1,1,-0.5428169152730121,-0.1262671717462961,-0.45050560977224224,0.23552820825545087,0.0,2,-0.5549083957089233,-0.18953991071333212
1,1,3,1,0,-0.2099110191209984,-0.6601415692437526,1.6915856999009122,0.23552820825545087,0.0,2,-0.38403826342781305,0.5654338177546652
1,1,1,1,0,0.20435109322546818,-0.6601415692437526,0.48772810383127363,0.23552820825545087,1.0,0,0.012740500039789352,-0.20475124315846002
1,0,0,1,0,1.0020160634998159,-0.6601415692437526,1.1398176350356612,2.2630307183454157,0.0,1,0.7767411439175881,-0.32236671807036577
0,1,1,0,1,-0.9769505172072043,0.020994596545104036,-0.8951121083206883,0.23552820825545087,0.0,1,-0.9299001537107257,0.023790616556199354
0,1,0,1,1,-0.9061145013827239,-0.4470441777173052,1.7292062497780887,0.23552820825545087,1.0,0,-0.991790475506688,3.3946531380444225
1,1,0,1,0,-0.39670302124561846,3.352357912144303,-0.22478231050918487,0.23552820825545087,0.0,0,0.5492874938440044,-0.5348667658085164
1,1,0,1,0,-0.7218941037929859,-0.6601415692437526,-0.969213191412096,0.23552820825545087,1.0,1,-0.8744138232438678,-0.154840441561187
1,1,1,0,0,-0.2945401865416648,-0.23362366656761846,-0.2931833102858689,0.23552820825545087,1.0,1,-0.34686824382531756,-0.2706252193827804
0,1,0,1,0,-0.18536388492439626,-0.6601415692437526,-0.7833904753521044,0.23552820825545087,1.0,1,-0.3605271064503309,-0.4579943105373375
1,1,0,1,0,-0.566428920547839,-0.6601415692437526,-0.1723415440137272,0.23552820825545087,1.0,1,-0.7255098290531481,0.18671694570725877
1,1,2,0,0,-0.7384926421544978,-0.512556681329113,1.6083644835059465,0.23552820825545087,1.0,0,-0.8494024305354417,1.9533798772928346
1,0,0,1,0,-0.2155217926516503,0.869506727172019,0.39538675413275026,0.23552820825545087,1.0,0,0.034594680239810875,-0.24117797504129712
1,1,0,1,0,-0.3251656587298065,-0.11326160691090638,0.02716137200160119,0.23552820825545087,1.0,2,-0.3428377597720349,-0.14750965147585776
1,0,0,1,0,-0.7473763669113633,0.13925637865075938,-0.44594554312046325,0.23552820825545087,0.0,0,-0.6772335867260515,-0.05808396793031158
1,0,0,1,0,-0.8750214647336945,-0.19145655573486425,1.083956818551369,0.23552820825545087,0.0,0,-0.8911627236430647,1.758058546367729
1,0,3,1,0,-0.9215441285920166,-0.6601415692437526,4.367204807832203,-2.8057255568794965,1.0,1,-1.0656378999940554,8.959477393076254
1,1,0,1,0,0.9826121383729779,-0.6601415692437526,-1.2872778403736767,0.23552820825545087,1.0,2,0.7581561341163403,-0.7598769728075124
1,0,3,1,1,-0.4460310718692666,0.23481900722384022,1.8238276328025016,0.23552820825545087,1.0,1,-0.3621169084935703,0.5853550195027667
0,1,0,1,1,2.6550902149681366,-0.6601415692437526,-1.106015190965464,0.23552820825545087,1.0,1,2.3600496295154527,-0.7783108888444342
1,0,0,0,0,-0.6101461976408352,-0.6601415692437526,-1.2029166073157664,0.23552820825545087,1.0,2,-0.76738208005114,-0.4581396446241603
1,1,3,1,0,-0.4483688941737049,0.019702118052146035,-0.22478231050918487,0.23552820825545087,1.0,0,-0.4239848387114588,-0.1908042417829521
1,1,1,1,0,1.3730284632141738,2.9182466983220405,-0.4584857264128553,0.23552820825545087,0.0,0,2.123997613461533,-0.7028393602419934
1,0,0,1,0,0.6174442944197156,-0.6601415692437526,-0.22478231050918487,0.23552820825545087,1.0,2,0.40839968460370213,-0.5093333380590737
1,1,0,1,0,0.1302421261747741,-0.04766832339328876,-1.0022736746374932,0.23552820825545087,1.0,2,0.11153214250136165,-0.6454153958090332
0,1,0,0,1,-0.5886382324400028,-0.6601415692437526,-0.9589530414455933,0.23552820825545087,1.0,1,-0.7467818282232509,-0.30707961297124003
1,0,0,0,0,-0.36420729121392614,-0.13224488477622676,0.09784240510417455,0.23552820825545087,1.0,1,-0.38549371600260957,-0.08600011518856263
0,1,0,0,0,-0.12738589177432644,-0.31222251492062575,-0.9806133580415434,0.23552820825545087,0.0,2,-0.20855546606350156,-0.5795911385457096
1,0,2,1,0,0.6873451813224207,-0.6601415692437526,1.4122816174794526,0.23552820825545087,0.0,2,0.47535050304434157,-0.17616930632329675
1,0,1,1,0,-0.18700036053750307,-0.10938417143203248,-0.9133523749278041,-4.427727564951469,0.0,1,-0.20942873760837938,-0.5562469968507997
1,1,0,1,0,-0.5701694362349403,-0.6601415692437526,-0.4790060263458606,0.23552820825545087,0.0,2,-0.7290924815449549,-0.008336477812151941
1,1,0,1,0,-0.292903710928558,1.4118630147795124,0.5618291869226814,0.23552820825545087,0.0,1,0.11081561200300033,-0.22953216825632242
1,1,0,1,1,-0.048835062345199604,-0.6601415692437526,-0.38894470997322655,0.23552820825545087,1.0,1,-0.22976029049938299,-0.36699205404031576
1,0,0,1,0,0.04397648314100086,-0.6601415692437526,1.6209046667983389,0.23552820825545087,1.0,2,-0.14086572554642693,0.24669955863737614
1,1,0,1,1,0.5557257855825445,-0.1686766222964799,0.06820197186761154,0.23552820825545087,0.0,2,0.48551627948984327,-0.4622728974913322
0,1,2,1,1,-0.9566114631585911,-0.6601415692437526,0.5572691202709024,0.23552820825545087,1.0,1,-1.0992252671047442,3.474603979651505
1,0,1,1,0,-0.9325318934228766,-0.6601415692437526,0.9163743690984935,0.23552820825545087,0.0,2,-1.076161941688738,3.6313620322851112
1,1,0,1,0,-0.7976395464567868,-0.6601415692437526,-0.22478231050918487,0.23552820825545087,0.0,1,-0.9469625362029555,0.7784515563552622
1,0,1,1,0,-0.9325318934228766,-0.6601415692437526,0.9163743690984935,0.23552820825545087,0.0,2,-1.076161941688738,3.6313620322851112
0,1,0,1,0,-0.589807143592222,0.6126266266966202,0.0864422384747272,0.23552820825545087,1.0,2,-0.3950997029962665,-0.08267130124640305
1,1,0,1,0,4.3331790650939475,-0.16148721067940114,2.5773786470089703,-2.8057255568794965,1.0,0,4.105540315101796,-0.5441557486311313
1,1,0,1,0,-0.9236481686660111,-0.6601415692437526,-0.23504246047568755,-1.791974301834514,1.0,1,-1.0676531420206967,1.606198688387924
1,1,0,1,1,-0.3384912458651048,1.3662223679969336,2.5477382137724076,0.23552820825545087,1.0,2,0.05450079314741229,0.3459036978518518
1,0,2,1,0,-0.5103211852413199,0.684601522773218,-1.033054124537001,0.23552820825545087,0.0,1,-0.2990174414816231,-0.5752990163322074
1,0,1,0,0,-0.35321952638306614,-0.6601415692437526,0.14002302163312988,0.23552820825545087,1.0,2,-0.5212986370201608,0.06664923570130064
0,1,0,0,0,-0.38805307871919675,-0.6601415692437526,-1.2701775904295056,0.23552820825545087,1.0,0,-0.5546620883501115,-0.6022901084161318
1,1,2,1,0,-0.486709179966493,5.392858332901717,-0.8403913084993411,-2.8057255568794965,1.0,2,1.028691180403901,-0.6977366196699892
1,1,0,0,0,-0.49559290472335854,-0.013983102670571406,6.052149435664518,0.23552820825545087,1.0,0,-0.478553114477291,2.7189266517882933
1,1,0,1,0,0.2295995741134018,-0.6601415692437526,-0.15638131073250086,0.23552820825545087,0.0,0,0.03692340435948521,-0.39701338863254776
1,1,2,1,0,1.0525130252756831,-0.07594129042674462,-0.12902091082182718,0.23552820825545087,0.0,2,0.987042845186647,-0.5784247643254145
1,1,0,0,0,-0.2012610765945767,-0.6601415692437526,-0.11420069420354584,0.23552820825545087,0.0,1,-0.3757533795405098,-0.18004922999051562
0,1,1,1,0,-0.2746686969539393,1.0562698694044477,-0.5052264095935894,0.23552820825545087,1.0,2,0.02971331621972408,-0.4929770716430463
1,1,2,1,0,0.6099632630455131,-0.6601415692437526,-0.8289911418698936,0.23552820825545087,0.0,0,0.4012343796200885,-0.6411125179440696
1,1,0,1,0,-0.6536296925033875,0.8177268075478901,-0.9224725082313618,0.23552820825545087,1.0,2,-0.39937649440836087,-0.499243295537482
1,1,0,1,0,1.3683528186052971,-0.6601415692437526,0.2517446546017136,0.23552820825545087,1.0,0,1.127617172333916,-0.5350130576220344
0,1,0,1,0,0.8128862390707574,-0.6601415692437526,-1.0307740912111116,0.23552820825545087,1.0,1,0.5955932773006071,-0.7018809101020802
0,0,2,1,0,-1.0038354737082447,2.0963919366123838,1.0508963353259722,0.23552820825545087,1.0,0,-0.38036604462371115,0.2984869431163035
1,1,2,0,0,-0.8364473967104625,-0.02836192590472892,1.80900741618422,0.23552820825545087,1.0,2,-0.8090080236903201,1.876361008983146
1,1,1,1,0,-0.7614033007379931,0.05023692244827833,0.07162202185644587,0.23552820825545087,1.0,0,-0.7153440526076462,0.32532783410830585
1,1,0,1,0,-0.2660187544275176,-0.6601415692437526,0.468347820561213,-2.8057255568794965,0.0,0,-0.43777805080491494,0.12119215169739835
1,1,0,0,0,-0.4133015596071304,-0.6601415692437526,0.18904373813975323,0.23552820825545087,1.0,1,-0.5788449926698074,0.1648868065939024
1,1,0,1,1,-0.7684167676513081,-0.007601490111591389,0.7328316863643913,-1.791974301834514,0.0,2,-0.7380938959306194,0.8142059062000045
1,0,1,0,0,0.46221289340501254,-0.3074565004778432,-0.7320897255195913,0.23552820825545087,0.0,0,0.35748123606389814,-0.6138198333233402
0,1,2,0,0,-0.9339345868055395,-0.6601415692437526,-0.17348156067667186,0.23552820825545087,1.0,1,-1.0775054363731655,1.818807279242444
1,1,0,0,0,-0.010027212091523843,-0.6601415692437526,-0.48812615964941847,0.23552820825545087,0.0,1,-0.1925902708968875,-0.4166131885931022
0,0,2,1,0,-0.7550911805160098,0.08400292307680567,-1.4480201898488843,0.23552820825545087,1.0,0,-0.6999386468928771,-0.6548241200562643
1,1,0,1,0,-0.47057820606586875,-0.6601415692437526,0.11608267171129054,0.23552820825545087,1.0,2,-0.633704358950599,0.20695465636143612
1,0,0,0,0,-0.20406646335990267,0.4467047001631394,1.0885168852031482,0.23552820825545087,1.0,2,-0.07163096614226068,0.022632271230432575
0,1,0,1,0,-0.7183873703363284,0.2236713802220775,-0.7947906419815517,0.23552820825545087,1.0,1,-0.6260688308274357,-0.3119986246654161
1,1,2,1,1,-0.6735011820911131,-0.13886883705263645,-0.6830690090129679,0.23552820825545087,1.0,0,-0.6835704033209348,-0.19430979000273735
1,0,1,1,0,-0.03667838636212045,-0.6601415692437526,-0.9395727581755329,0.23552820825545087,1.0,2,-0.21811666990101092,-0.5630220940167748
0,1,0,1,0,2.0287876196091164,-0.3951834781873662,2.963844295747235,0.23552820825545087,0.0,1,1.833623629000592,-0.28019107248108965
1,0,2,0,0,0.10078556513885152,0.6566516753630015,-0.5223266595377605,0.23552820825545087,1.0,1,0.27855092335377973,-0.5524524856485278
1,1,1,1,0,-0.46777281930054276,0.6795931686130057,0.39082668748097127,0.23552820825545087,1.0,0,-0.2596530472278959,-0.07214347025937883
1,1,0,1,0,1.1245179522523827,-0.6601415692437526,0.28366512116416626,0.23552820825545087,0.0,2,0.8940730130242606,-0.4966178861203519
1,0,0,1,1,-0.2809808171759227,-0.6601415692437526,0.8730537359065934,0.23552820825545087,0.0,0,-0.4521086607721421,0.31655772695506285
1,1,0,1,0,1.4574238484043964,-0.6601415692437526,0.6632906699247627,0.23552820825545087,1.0,0,1.2129290847950651,-0.4841058093574251
1,1,0,1,0,-0.294306404311221,-0.6601415692437526,-0.925892558220196,0.23552820825545087,0.0,0,-0.4648718602742038,-0.4736969980090488
1,1,1,1,0,2.157134064122779,-0.6601415692437526,-0.0549198277304195,0.23552820825545087,1.0,0,1.8831090165436735,-0.6445827113083394
1,1,0,1,0,-0.7279724417845255,-0.20632005840388112,1.0736966685848668,0.23552820825545087,1.0,0,-0.7544397479244879,1.098352757686042
1,0,1,1,0,-0.42686092897287253,-0.6601415692437526,-0.22478231050918487,2.2630307183454157,1.0,1,-0.5918321079526071,-0.035806424902239446
1,1,0,1,0,-0.3730910159707917,0.65762103423272,1.5422435170551518,0.23552820825545087,0.0,2,-0.17505766526510796,0.25364843684473326
1,1,0,0,0,0.31048822584696695,2.4556201777488926,-0.22592232717212954,0.23552820825545087,1.0,2,0.9780638223790562,-0.5933273178812627
1,1,0,0,0,-0.6823849068479786,0.0334347020398246,0.15484323825141122,0.23552820825545087,1.0,1,-0.6443179669575766,0.24615975303230003
1,1,0,1,0,-0.7013212675139289,3.8157114518697397,-0.7708502920597123,0.23552820825545087,0.0,0,0.3859633233737621,-0.6263380426818765
1,1,2,1,0,1.4228240782987096,-0.0032393751978581262,1.1489377683392192,0.23552820825545087,1.0,1,1.3618778621419327,-0.4358555123653927
1,0,2,0,0,0.598975498214653,-0.6601415692437526,-0.47786600968291576,0.23552820825545087,1.0,1,0.39071033792540605,-0.5619633990020017
1,1,0,1,0,1.6093822981928858,-0.6601415692437526,-0.41402507655801074,0.23552820825545087,1.0,1,1.358474342274716,-0.6557942378806705
1,1,0,1,0,-0.640537887598533,-0.6601415692437526,0.48772810383127363,0.23552820825545087,0.0,1,-0.7964911315470702,0.824065814068602
1,1,0,1,0,-0.22954872647828012,-0.6601415692437526,0.567529270237405,0.23552820825545087,1.0,1,-0.4028471890097987,0.12504716568391813
1,1,0,1,0,-0.5804558543744688,-0.4089160621750448,0.699771203138994,0.23552820825545087,1.0,2,-0.669306968087929,0.6135355457549218
0,0,0,1,0,0.039300838532124266,-0.6601415692437526,0.8137728694334674,0.23552820825545087,0.0,1,-0.1453440411611854,-0.011240170886517162
0,1,0,1,0,-0.6828524713088663,0.7467212703410109,-0.798210691970386,0.23552820825545087,0.0,0,-0.447048164127465,-0.42529707169361275
1,1,0,1,0,-0.3405952859390993,1.340938257478443,0.6154099700810837,0.23552820825545087,1.0,0,0.045476987183673885,-0.18472897985530076
1,0,0,0,0,-0.040652684279665556,0.4460584609166604,0.5310487370231733,2.2630307183454157,0.0,0,0.08470703196895824,-0.226272066847394
0,1,2,1,1,-0.8376163078626817,-0.6601415692437526,0.4843080538424393,0.23552820825545087,1.0,1,-0.9852521347091405,1.8217896623390473
1,1,2,1,0,-0.6344595496069935,-0.6601415692437526,-0.37298447669200024,0.23552820825545087,0.0,2,-0.7906693212478841,0.17091996387289948
1,1,1,1,0,-0.45514857885657595,2.0438849978359657,-0.24416259377924554,-2.8057255568794965,1.0,2,0.13060976702023278,-0.44933186012625387
1,1,1,0,0,0.6244577613330304,0.11930374191572049,-1.054714441132951,0.23552820825545087,1.0,1,0.6311734948598632,-0.7091564081887121
0,1,0,1,0,1.0022498457302595,1.4896540640744211,0.034001471979269525,0.23552820825545087,1.0,0,1.3728721269761646,-0.5939550297647176
1,1,0,1,0,-0.9248170798182302,-0.6601415692437526,0.9551349356386144,0.23552820825545087,1.0,0,-1.0687727209243865,3.55105351041997
1,0,1,1,0,0.5772337507833768,-0.26916682512396295,1.1204373517656008,0.23552820825545087,1.0,0,0.4782614081939346,-0.23880983243450277
1,1,0,1,0,-0.2169244860343133,-0.6601415692437526,-0.9395727581755329,0.23552820825545087,0.0,0,-0.3907557368499508,-0.5095716265575663
1,0,1,0,0,-0.09231855720775196,0.5303926825821687,-0.746909942137873,0.23552820825545087,0.0,2,0.05859845193491635,-0.5671672324096156
1,0,2,1,0,-0.14608847020983284,-0.019960815700502055,-0.691049125653581,0.23552820825545087,1.0,1,-0.14545599905155437,-0.5000038191333743
1,0,0,1,0,0.9716243735421178,-0.6601415692437526,-1.1048751743025194,0.23552820825545087,1.0,0,0.7476320924216578,-0.7260371523625383
0,1,0,1,0,2.231009248943029,0.46455705934712144,-0.8438113584881753,0.23552820825545087,1.0,1,2.26562434477827,-0.7489857238207276
1,1,0,1,1,-0.7501817536766893,-0.15235908132288534,-0.26468289371225057,0.23552820825545087,1.0,0,-0.7607541729412974,0.18990797372384013
1,1,0,0,0,0.8654872409206191,1.1529634166588665,0.5869095535074653,0.23552820825545087,0.0,2,1.1485532978329118,-0.48632896601621506
1,0,1,1,0,-0.2099110191209984,0.3764261821085491,2.6674399633816046,0.23552820825545087,0.0,0,-0.09670953358490823,0.53283979665151
1,0,0,1,0,0.07390060863781109,-0.6601415692437526,-0.9806133580415434,0.23552820825545087,1.0,2,-0.11220450561197257,-0.6010798344117225
0,1,2,1,0,0.1889214660161754,0.2634958737863455,-0.041239627775082825,0.23552820825545087,1.0,1,0.2539873622068292,-0.4317352361877148
1,1,1,0,0,-0.2945401865416648,-0.23362366656761846,-0.2931833102858689,0.23552820825545087,1.0,1,-0.34686824382531756,-0.2706252193827804
1,1,0,1,0,1.0670075235632004,0.4622144420786352,-0.4721659263681921,0.23552820825545087,0.0,2,1.1500983167200034,-0.6486483948845579
0,0,0,1,0,-0.6374987186027633,1.2257461117935629,0.5834895035186314,0.23552820825545087,1.0,0,-0.2708264446867183,0.006457637918732374
1,0,2,0,0,-0.9054131546913924,1.0661250179132522,-0.7947906419815517,-2.8057255568794965,1.0,0,-0.5716796876861938,-0.3517785125344864
1,0,1,0,1,-0.80699083567454,0.5182756967106875,-0.669388809057631,0.23552820825545087,1.0,1,-0.629270826491988,-0.23931753371888992
0,1,2,0,0,-0.50728201624555,-0.6601415692437526,0.02260130534982219,0.23552820825545087,1.0,0,-0.6688591365264531,0.20998465082931725
1,0,1,0,1,0.1896228127075069,-0.6601415692437526,-0.575907442696163,0.23552820825545087,0.0,0,-0.001366194146699897,-0.5049763784146643
1,0,2,1,0,0.9286084431404532,-0.6601415692437526,-0.5998477926180023,-5.644229071005447,1.0,0,0.7064315887658797,-0.6292155362312715
1,1,0,1,0,-0.8803984560339025,-0.6601415692437526,-0.9236125248943067,0.23552820825545087,1.0,1,-1.0262287225841809,0.2906050205171003
1,0,0,1,0,-0.5914436192053288,0.12431209607593272,-0.018439294516188153,0.23552820825545087,0.0,2,-0.5320242029175074,0.001978685101664443
1,1,1,1,0,-0.7239981438669804,-0.6601415692437526,-0.26582291037519523,0.23552820825545087,1.0,0,-0.8764290652705092,0.4716134573186655
0,0,1,0,0,0.2562507483839984,-0.3893673249690553,-0.3171236602077084,0.23552820825545087,1.0,1,0.1375063730669609,-0.4702626913153179
0,1,3,1,0,-0.10307253980816813,-0.6601415692437526,-0.2795031103305322,0.23552820825545087,1.0,2,-0.2817087516305815,-0.30231606656580107
1,1,0,1,0,-0.5928463125879918,2.0932415202857984,0.0442616219457722,-2.8057255568794965,1.0,1,0.012404626368682465,-0.33131542800131203
1,0,0,1,1,-0.258537723053315,1.2993366059863578,-0.7218295755530888,0.23552820825545087,1.0,0,0.1125397635146823,-0.5710985511050384
1,1,0,1,0,0.07647221317269322,-0.6601415692437526,0.469487837224158,2.2630307183454157,1.0,0,-0.1097414320238554,-0.14465437802308392
1,1,0,0,0,-0.0062866964044225645,-0.6601415692437526,-1.2336970572152741,0.23552820825545087,1.0,0,-0.1890076184050807,-0.6696909836350989
1,0,2,1,1,2.1524584195139025,-0.6601415692437526,0.36004623758146326,0.23552820825545087,1.0,1,1.878630700928915,-0.5953480692488212
1,0,3,1,0,-0.6363298074505441,-0.6601415692437526,-0.7868105253409386,-0.7782230467895316,1.0,2,-0.7924606474937875,-0.1314236247378124
0,0,2,1,1,-0.19541652083348096,-0.42070992842328636,-1.1504758408203086,-2.8057255568794965,0.0,1,-0.30378684761134095,-0.6182194982097542
0,1,2,1,0,2.0802197103067592,-0.6601415692437526,-0.4573457097499106,2.2630307183454157,0.0,1,1.8094407246808963,-0.6883779181662446
1,1,2,1,0,1.0104322237957937,0.16090539340780555,-0.656848625765239,0.23552820825545087,0.0,2,1.0123901115661798,-0.6669376841793827
1,0,0,1,0,-0.19331248075948648,-0.09161259215386022,-0.6819289923500231,0.23552820825545087,1.0,2,-0.210548316512069,-0.4762791373733062
1,1,3,1,0,2.146380081522363,1.7952444477531737,1.3199402677809289,0.23552820825545087,0.0,1,2.553423297760724,-0.5455619115534067
1,0,0,1,1,-0.8411230413193391,-0.6601415692437526,0.2631448212311609,0.23552820825545087,1.0,2,-0.9886108714202094,1.5839684815747086
1,1,3,1,0,2.663506375264115,-0.6601415692437526,2.1646926150229766,0.23552820825545087,0.0,1,2.3681105976220183,-0.44410722285929766
1,1,2,0,0,-0.7894571683912527,-0.6601415692437526,-0.10622057756293252,0.23552820825545087,0.0,0,-0.9391254838771281,0.8664796717241782
1,1,0,1,0,-0.9858342419640698,2.103258228606223,-0.9065122749501358,0.23552820825545087,1.0,2,-0.3612212453706186,-0.506901074312472
1,1,0,1,0,-0.9858342419640698,2.103258228606223,-0.9065122749501358,0.23552820825545087,1.0,2,-0.3612212453706186,-0.506901074312472
1,1,1,1,0,1.3730284632141738,2.9182466983220405,-0.4584857264128553,0.23552820825545087,0.0,0,2.123997613461533,-0.7028393602419934
1,1,0,1,0,-0.5075157984759938,-0.6601415692437526,-1.0672546244253431,0.23552820825545087,1.0,0,-0.669083052307191,-0.4376909839002484
1,0,0,0,0,0.18822011932484392,-0.23087714977008278,-0.9407127748384777,0.23552820825545087,1.0,1,0.11627915705300561,-0.629781116789513
1,0,0,1,0,-0.6587729015731518,-0.6601415692437526,-0.8586315751064568,0.23552820825545087,1.0,0,-0.8139565624446282,-0.15531176577773748
1,1,2,0,0,-0.5524019867212092,-0.6601415692437526,-0.22478231050918487,0.23552820825545087,1.0,2,-0.7120748822088726,0.12967522957492725
1,1,0,1,0,1.442695567886435,0.3122061569896994,0.4193271040545896,0.23552820825545087,1.0,1,1.4683498158828159,-0.5504002243559363
0,0,0,1,1,0.8825533437430186,-0.6601415692437526,-0.22478231050918487,0.23552820825545087,1.0,1,0.6623201799605086,-0.5527007011872612
1,1,0,1,0,-0.37870178950144356,-0.6601415692437526,-0.39920485993972926,0.23552820825545087,1.0,1,-0.5457054571205946,-0.17202132422868385
1,1,0,0,0,1.2935425048632716,-0.6601415692437526,-1.01595387459283,0.23552820825545087,1.0,1,1.05596412249778,-0.7273788593318753
1,0,0,1,0,-0.7765991457168421,2.198416957650254,-0.26924296036402956,0.23552820825545087,1.0,1,-0.13443934263924853,-0.36753113602913
1,0,0,1,0,-0.6515256524293931,0.22011706436644315,-0.5485470427854893,0.23552820825545087,0.0,1,-0.5630141469716362,-0.2322364798634059
1,0,2,1,0,-0.8623972242897276,-0.0630165054971648,-0.5200466262118709,0.23552820825545087,1.0,0,-0.8434686623458868,0.16756647326108937
1,1,1,1,0,0.6312374460159016,-0.6601415692437526,0.5903296034962997,2.2630307183454157,1.0,2,0.4216107156672397,-0.33435037898580167
1,1,3,0,0,1.2159268043559202,0.11453772747293794,1.5661838669769916,0.23552820825545087,1.0,2,1.1963593170204587,-0.3460855067046158
1,1,1,1,0,3.263391578582982,-0.6601415692437526,-0.3091435435670952,0.23552820825545087,1.0,2,2.9426784909955326,-0.7169621337435741
1,1,0,1,0,0.622353721259036,-0.4653004364303368,-0.9099323249389699,0.23552820825545087,1.0,1,0.4671104023131859,-0.6658703330551667
1,1,2,1,0,-1.0767755296067196,-0.6601415692437526,2.9752444623766827,0.23552820825545087,1.0,2,-1.2143179784040374,19.92802910724726
1,1,2,1,0,0.41709292292935335,-0.6601415692437526,0.6758308532171546,0.23552820825545087,1.0,1,0.21650386051130074,-0.24420290575547055
1,0,0,1,0,-0.8750214647336945,-0.19145655573486425,1.083956818551369,0.23552820825545087,0.0,0,-0.8911627236430647,1.758058546367729
1,0,2,1,0,-0.2122488414254367,0.7491446675153071,1.2492592346783555,0.23552820825545087,0.0,2,0.004366049840191054,0.018318526341653683
1,1,2,1,0,-0.48460513989249854,-0.6601415692437526,-0.7560300754414309,-2.8057255568794965,1.0,1,-0.6471393057948744,-0.2725328775808889
1,1,2,1,0,1.4228240782987096,-0.0032393751978581262,1.1489377683392192,0.23552820825545087,1.0,1,1.3618778621419327,-0.4358555123653927
0,1,1,1,0,-0.2975793555374346,-0.6601415692437526,-0.925892558220196,-2.8057255568794965,0.0,0,-0.46800668120453476,-0.47229956139834023
1,1,3,1,0,1.2811520466497486,0.2248022989034158,-1.0113938079410512,0.23552820825545087,1.0,2,1.2893963239170665,-0.7372708917858013
1,1,0,1,0,-0.0016110517955459662,-0.6601415692437526,-0.537146876156042,0.23552820825545087,1.0,1,-0.18452930279032223,-0.43618822123010514
1,1,0,1,1,-0.3055279513725248,-0.4257990624893084,-0.017299277853243485,0.23552820825545087,1.0,2,-0.41066184975755227,-0.11309084540558063
0,1,3,1,0,-0.40418405261982104,0.1546045607546354,-0.5143465428971473,0.23552820825545087,1.0,0,-0.34427082076875754,-0.3589819211607955
1,0,0,1,0,0.623756414641699,1.3252669557513277,-0.4083249932432871,0.23552820825545087,1.0,0,0.964785616581297,-0.622056698701687
1,1,0,1,0,0.8708642322208272,-0.6601415692437526,0.695211136487215,0.23552820825545087,0.0,0,0.6511243909236124,-0.37420338592933544
1,1,1,0,0,-0.21598935711253797,-0.6601415692437526,-0.5018063596047553,0.23552820825545087,0.0,0,-0.38986007372699905,-0.3294883247537446
1,1,2,0,0,-0.7751964523341791,-0.058331270960192146,2.040430798762001,0.23552820825545087,0.0,0,-0.7586493646023609,1.7834818112074216
1,1,3,1,0,-0.9823275085074124,1.8256984722434964,-0.7024492922830283,0.23552820825545087,1.0,1,-0.4347999709211005,-0.38971677149509365
1,1,0,1,0,-0.2660187544275176,-0.6601415692437526,0.468347820561213,-2.8057255568794965,0.0,0,-0.43777805080491494,0.12119215169739835
1,0,0,1,0,1.298451931702592,-0.26116961444878545,-0.48926617631236313,0.23552820825545087,1.0,1,1.1712583579997373,-0.6529197194411301
1,0,0,1,1,-0.13112640746142773,0.42828688163848816,0.528768703697284,0.23552820825545087,1.0,2,-0.006874522352852923,-0.18314263477718126
1,1,0,1,0,-0.7868855638563705,-0.6601415692437526,-0.2407425437904112,0.23552820825545087,1.0,0,-0.936662410289011,0.7159120370950496
1,1,0,1,0,1.7812122375691009,0.007989031709714324,0.09328233845239588,0.23552820825545087,0.0,0,1.7082531833654282,-0.6144922890887959
1,1,0,0,0,4.115060244089855,-0.6601415692437526,-0.22478231050918487,0.23552820825545087,1.0,2,3.7584036802237923,-0.731263754603229
0,0,2,1,0,0.091901840381986,0.6344372012652861,0.25858475457938224,0.23552820825545087,1.0,0,0.2638844397154457,-0.36244867680876897
0,0,0,1,0,0.3196057328342763,0.16849870455393368,1.0315160520559115,-2.8057255568794965,1.0,1,0.35282378782454926,-0.21301416466874143
1,1,0,1,0,-0.5016712427148982,0.6951836904343114,-0.8552115251176227,0.23552820825545087,0.0,0,-0.287799260866653,-0.5123828246962187
1,1,0,1,0,-0.7915612084652471,-0.6601415692437526,-0.14156109411421952,0.23552820825545087,1.0,1,-0.9411407259037694,0.8391356059232106
1,0,0,0,0,-0.7693518965730833,-0.6601415692437526,-0.6283482091916206,0.23552820825545087,1.0,2,-0.9198687267336666,0.26423109085459556
0,1,0,1,0,-0.661344506108034,-0.30551778273840624,-0.015019244527353823,0.23552820825545087,1.0,0,-0.7181206082887965,0.2750499706942603
1,1,0,1,1,0.2263266228871882,-0.13725323893643895,-0.6728088590464654,0.23552820825545087,1.0,2,0.1787292683008129,-0.570903194544159
1,1,0,1,0,1.69143986107867,1.38132821038338,0.7487919196456178,0.23552820825545087,1.0,1,2.002948742394611,-0.5605901123550348
0,1,3,1,0,0.057535852506743,-0.6601415692437526,-0.2749430436787532,0.23552820825545087,1.0,1,-0.1278786102636273,-0.3720251658287211
1,1,2,1,0,-0.2169244860343133,0.3371671478849503,-0.07886017765225917,0.23552820825545087,1.0,0,-0.11430931395090899,-0.315408881486217
1,1,0,1,0,2.0479577625055105,1.2042586568481364,2.668579980044549,0.23552820825545087,1.0,2,2.2953379688821927,-0.3834510572211935
1,0,0,1,1,-0.18138958700685115,0.0012035196216849372,0.477467953864771,0.23552820825545087,1.0,2,-0.1734006884876474,-0.10244414510920768
1,1,2,1,0,0.3025396300118767,-0.07642596986160388,-1.2872778403736767,0.23552820825545087,0.0,1,0.2685866711109421,-0.7334850823103277
1,1,3,0,1,-0.1058779265734941,1.5262473614062937,1.2241788680935715,0.23552820825545087,0.0,2,0.3216547111458302,-0.1563205931038879
1,1,0,1,0,-0.6010286906535258,-0.6601415692437526,-0.8563515417805674,0.23552820825545087,1.0,1,-0.7586493646023609,-0.22418228878302213
1,1,0,1,0,-0.05678365818028982,-0.6601415692437526,0.3737264375368003,-0.7782230467895316,1.0,0,-0.23737342704447242,-0.09437675908997527
1,1,1,1,0,-0.7338169975456212,-0.3993032533836698,-0.021859344505022485,0.23552820825545087,1.0,1,-0.8135311224612262,0.48950087061892844
1,1,1,1,1,-0.8432270813933336,-0.6601415692437526,-0.1506812274177772,0.23552820825545087,1.0,2,-0.9906261134468508,1.0976819202612134
1,1,0,1,0,-0.772624847799297,1.790639993122011,2.5967589302790306,-4.427727564951469,1.0,0,-0.2436654604832082,0.6994128317200896
1,1,0,1,0,-0.676306568856439,-0.013094523706662775,-0.9566730081197039,0.23552820825545087,1.0,2,-0.651393705628895,-0.38483018698700866
1,1,0,1,0,0.1328137307096562,-0.6601415692437526,-0.5462670094595998,0.23552820825545087,1.0,0,-0.05577772886601558,-0.4811932138503362
0,0,0,1,0,-0.7373237310022787,-0.6601415692437526,1.3552807843322159,0.23552820825545087,0.0,0,-0.889192264772571,1.9934194640526517
1,0,0,0,0,-0.2075731968165601,0.19257111648527606,-0.20084196058734555,-2.8057255568794965,1.0,0,-0.1454336074734805,-0.3407688011650598
1,1,0,1,0,0.20552000437768733,-0.6601415692437526,0.32242568770428726,2.2630307183454157,1.0,0,0.013860078943478975,-0.2524820508570229
0,1,1,1,0,0.46455071570945083,-0.6601415692437526,0.6085698701034153,0.23552820825545087,0.0,1,0.2619587640010994,-0.27782329446717374
1,0,0,1,0,-0.6101461976408352,-0.6601415692437526,-0.8711717583988489,-2.8057255568794965,1.0,0,-0.76738208005114,-0.22444587967138313
0,1,0,1,0,-0.6660201507169106,-0.6601415692437526,-0.7241096088789784,0.23552820825545087,1.0,1,-0.8208979516475039,-0.03996446271190995
1,0,3,1,1,-0.38571525641475846,0.6265207704959186,-0.9794733413785985,0.23552820825545087,1.0,0,-0.19576987498336598,-0.5822712988390891
1,1,0,1,0,0.4783438673056368,2.193974062830711,-0.16550144403605885,0.23552820825545087,1.0,2,1.0663090315678723,-0.593117469330251
1,0,0,1,0,-0.6531621280424998,-0.6601415692437526,0.29962535444539257,0.23552820825545087,1.0,0,-0.808582583706918,0.7215256720445072
1,1,1,1,0,-0.4913848245753696,0.2974234342264925,-0.44366550979457375,0.23552820825545087,1.0,0,-0.3882030969495384,-0.306506932392677
0,0,0,1,0,-0.6826186890784225,-0.6601415692437526,0.7693122195786227,0.23552820825545087,1.0,1,-0.8367959720798965,1.1974694680872386
1,1,0,1,0,0.1945322395468273,-0.10138696075685488,-1.4069795899828736,0.23552820825545087,1.0,1,0.15821858278521891,-0.7558722662549071
1,0,0,1,0,1.210549813055712,0.0033037971727415843,1.054316385314806,0.23552820825545087,1.0,1,1.160376051055874,-0.4168112752435179
1,1,1,0,0,-0.2510566916791125,-0.28273784930002177,-0.9087923082760251,0.23552820825545087,1.0,2,-0.3188339880769294,-0.5223591720712877
1,1,3,0,0,-0.23983514461780864,0.41140388132422445,-0.5086464595824236,0.23552820825545087,1.0,0,-0.1156752002134104,-0.4509036489481997
1,0,0,1,0,-0.8750214647336945,-0.19145655573486425,1.083956818551369,0.23552820825545087,0.0,0,-0.8911627236430647,1.758058546367729
1,0,0,0,0,-0.01353394554818129,0.5748216307775993,-0.8677517084100147,2.2630307183454157,1.0,1,0.14637343798418279,-0.615329975363125
0,1,0,1,1,-0.8313041876406982,-0.47644806343209933,0.6028697867886916,0.23552820825545087,1.0,0,-0.9282879600894126,1.5325004061034164
1,1,1,1,0,0.3259178530562597,-0.6601415692437526,2.022190532154885,-2.8057255568794965,1.0,1,0.12917670602351014,0.14578222380196146
1,0,0,1,0,0.6335752683203398,-0.6601415692437526,-0.23390244381274286,0.23552820825545087,1.0,2,0.4238498734746189,-0.5143212522278376
0,1,0,1,0,-0.6045354241101832,1.3309215491580189,-1.1903764240233743,2.2630307183454157,0.0,0,-0.21010048495059316,-0.6514005871765204
0,1,0,1,1,-0.7721572833384093,-0.6601415692437526,0.5492890036302893,-2.8057255568794965,1.0,2,-0.9225557161025217,1.443089827884355
1,0,0,1,1,-0.7029577431270356,-0.6601415692437526,-0.9703532080750408,0.23552820825545087,0.0,1,-0.8562766450040961,-0.18401448156780856
1,1,1,0,0,-0.632355509532999,-0.6601415692437526,0.2813850878382769,0.23552820825545087,1.0,0,-0.7886540792212428,0.6470684832745591
1,1,1,1,0,0.00703889073087574,1.326236314621046,3.3890705110256203,0.23552820825545087,1.0,1,0.3743644859315376,0.30689829179482564
1,0,0,1,0,-0.9166347017526961,-0.47378232654037356,-0.32624379351126626,0.23552820825545087,1.0,2,-1.0092782979823198,0.9957355506019903
1,1,0,1,0,0.27846006027616227,-0.6601415692437526,-1.0695346577512326,0.23552820825545087,0.0,1,0.08372180253371145,-0.6596447809099814
1,1,0,1,0,-0.9236481686660111,-0.6601415692437526,-0.23504246047568755,-1.791974301834514,1.0,1,-1.0676531420206967,1.606198688387924
1,1,2,1,1,-0.6424081454420837,-0.5100525042490068,-0.050359761078640826,2.2630307183454157,1.0,0,-0.7566789057318671,0.330145767316046
0,1,2,0,0,-0.8320055343320297,-0.004451073785006234,-0.1769016106655062,0.23552820825545087,1.0,2,-0.798125716746457,0.33261198770947187
1,1,0,1,1,-0.48811187334915596,1.5344061318930908,-0.19628189393556653,0.23552820825545087,1.0,2,-0.04218604097522359,-0.3807632038235756
1,1,3,0,0,-0.23983514461780864,0.41140388132422445,-0.5086464595824236,0.23552820825545087,1.0,0,-0.1156752002134104,-0.4509036489481997
1,1,0,0,0,-0.044393199966766834,1.804614916827119,0.78071238620807,0.23552820825545087,1.0,0,0.4577059395221931,-0.3042079681358386
1,1,1,1,0,-0.21037858358188607,0.07317841569828248,0.4193271040545896,0.23552820825545087,1.0,0,-0.1812153492354009,-0.11675084005650326
1,1,0,1,0,-0.4986320737191283,5.523964120031143,1.4601623173231313,0.23552820825545087,1.0,1,1.0536130068000318,-0.332749139710433
1,1,0,1,0,-0.6120164554843858,0.10831767472557763,-0.007039127886740817,-0.7782230467895316,1.0,1,-0.5561623240810556,0.03520774798945157
0,0,3,1,0,2.9840218132026055,-0.21536740785458694,-0.896252124983633,0.23552820825545087,1.0,1,2.7983871618880136,-0.7661901751423968
1,1,2,1,0,-0.44743376525192957,-0.6601415692437526,0.20728400474686923,0.23552820825545087,1.0,2,-0.6115366966575444,0.2227783656138874
0,1,0,1,0,2.231009248943029,0.46455705934712144,-0.8438113584881753,0.23552820825545087,1.0,1,2.26562434477827,-0.7489857238207276
1,1,1,1,0,1.3730284632141738,2.9182466983220405,-0.4584857264128553,0.23552820825545087,0.0,0,2.123997613461533,-0.7028393602419934
1,1,0,1,0,-0.475721415135633,0.09660458838314591,-0.32054371019654254,0.23552820825545087,0.0,2,-0.4288662027315455,-0.22837338762101775
1,1,0,1,0,-0.6648512395646914,0.45203617394659096,0.3190056377154529,0.23552820825545087,1.0,1,-0.5114911258238397,0.14045817286642528
1,1,0,1,0,1.0754236838591784,-0.6601415692437526,-0.5565271594261024,0.23552820825545087,1.0,1,0.8470506990692964,-0.6357460750226024
1,1,0,0,0,0.41639157623802187,0.6345987610769059,0.8513934193106437,0.23552820825545087,0.0,1,0.5747243265358324,-0.32379526980852097
0,1,0,1,0,-0.661344506108034,-0.30551778273840624,-0.015019244527353823,0.23552820825545087,1.0,0,-0.7181206082887965,0.2750499706942603
1,1,0,1,0,-0.8221866806533888,-0.6601415692437526,-0.5097864762453683,0.23552820825545087,0.0,0,-0.9704736931804375,0.5697277747008181
1,0,1,0,1,0.1896228127075069,-0.6601415692437526,-0.575907442696163,0.23552820825545087,0.0,0,-0.001366194146699897,-0.5049763784146643
1,0,2,1,0,0.8493562670199949,-0.6601415692437526,0.02374132201276686,0.23552820825545087,0.0,2,0.6305241390957234,-0.4996190255347295
1,0,0,0,0,-1.0550337821754434,0.052660319622574545,1.1523578183280532,-0.7782230467895316,1.0,1,-0.9959105258722659,2.740049170321914
0,1,0,1,0,-0.5587141069431926,-0.03223936138360292,1.2686395179484158,0.23552820825545087,1.0,2,-0.5440708719212077,0.6541687339158948
1,1,0,1,0,-0.48156597089672876,-0.6601415692437526,-0.8335512085216727,-2.8057255568794965,1.0,0,-0.6442284006452814,-0.3194203852901082
1,0,0,1,1,-0.22908116201739245,0.9901111265461608,1.8922286325791857,0.23552820825545087,1.0,1,0.05503819102118323,0.16400405920173483
1,1,1,0,0,-0.5996259972708629,-0.6601415692437526,0.42160713738047895,0.23552820825545087,0.0,1,-0.7573058699179334,0.6577979682795597
1,1,0,1,0,-0.9236481686660111,-0.10324489859048204,-1.199496557326932,0.23552820825545087,0.0,2,-0.9132856027799716,-0.30894235390802444
0,1,1,1,0,-0.17437612009353626,-0.6601415692437526,0.9574149689645037,-2.8057255568794965,1.0,2,-0.3500030647556485,0.22503548808326135
0,1,0,1,0,0.0018956816611114822,-0.6601415692437526,-0.6579886424281837,-2.8057255568794965,1.0,1,-0.18117056607925336,-0.4779233356450569
1,1,0,1,0,0.2349765654136099,-0.6601415692437526,0.5150885037419474,0.23552820825545087,1.0,1,0.042073467316457475,-0.21109012752013323
0,0,0,0,1,-0.8390190012453447,-0.04661818461776043,-0.22478231050918487,0.23552820825545087,0.0,1,-0.8165315939231144,0.34029585989338607
0,0,1,1,0,0.40540381140716186,-0.3211083045597119,-0.2954633436117584,-2.8057255568794965,1.0,0,0.29928552465011143,-0.503040619641788
1,0,0,0,0,0.3953511754980772,-0.6601415692437526,2.1270720651458004,0.23552820825545087,1.0,0,0.19567969290267376,0.12804183699181168
1,1,0,1,0,-0.7616370829684369,2.771792729088739,1.1306975017321035,0.23552820825545087,1.0,0,0.038826688495757565,-0.037106092072675304
1,1,0,1,0,-0.3223602719644806,-0.6601415692437526,2.114531881853409,-3.8194768119244786,1.0,0,-0.49174175396275477,0.949674492994755
1,1,2,0,0,-0.8563188862981881,0.8417992194792325,-1.0877749243583483,0.23552820825545087,1.0,2,-0.5868387860421513,-0.4954143102747826
1,1,0,1,0,-0.8030165377569949,-0.6601415692437526,1.357560817658105,0.23552820825545087,1.0,1,-0.9521125991599277,2.5096886898802704
1,1,2,0,0,-0.3889882076409721,-0.333225290431193,1.2424191347006874,0.23552820825545087,0.0,1,-0.4649390350084252,0.5003192017556969
1,0,3,1,0,-0.6459148788987411,-0.6601415692437526,-0.09596042759643017,0.23552820825545087,1.0,2,-0.8016411945040424,0.40186167221530283
1,1,0,1,0,1.529428775381096,1.06757905621783,0.3760064708626896,0.23552820825545087,1.0,0,1.7608062171046188,-0.5838038073442596
1,1,3,1,0,-0.7296089173976322,0.060011291051273084,0.02716137200160119,0.23552820825545087,1.0,2,-0.6821821254803596,0.2355050492888341
1,1,0,1,0,-0.8221866806533888,-0.6601415692437526,-0.5097864762453683,0.23552820825545087,0.0,0,-0.9704736931804375,0.5697277747008181
1,1,0,1,0,-0.5119576608544266,0.7623117921623167,-0.48926617631236313,0.23552820825545087,1.0,1,-0.27904415383980025,-0.3807927146027826
1,1,0,1,0,-0.5075157984759938,-0.6601415692437526,-1.0672546244253431,0.23552820825545087,1.0,0,-0.669083052307191,-0.4376909839002484
0,1,1,1,0,-0.2019624232859082,-0.6601415692437526,-0.48242607633469475,-2.8057255568794965,1.0,0,-0.3764251268827236,-0.32911102863141173
1,0,0,1,1,-0.18138958700685115,0.0012035196216849372,0.477467953864771,0.23552820825545087,1.0,2,-0.1734006884876474,-0.10244414510920768
0,0,0,1,0,-0.36070055775726867,-0.6601415692437526,-1.2564973904741688,2.2630307183454157,0.0,0,-0.5284639420037744,-0.6038644507835632
1,1,0,0,1,-0.08413617914221792,2.6345476691177634,-0.0640399610339775,0.23552820825545087,1.0,1,0.6496913299268897,-0.5198933376177176
1,0,0,1,0,-1.0169272786130992,-0.6601415692437526,-1.2781577070701189,0.23552820825545087,1.0,0,-1.1569955385351287,0.3992153020829435
1,0,0,1,0,-0.07291463208091409,0.1731031591850965,0.6040098034516364,0.23552820825545087,1.0,2,-0.021854488084219997,-0.15331231960673722
1,0,1,1,1,-0.9138293149873702,0.20775773877753248,0.28366512116416626,0.23552820825545087,1.0,1,-0.8176735644048778,0.7386473327663544
1,0,0,0,1,-0.7326480863934021,0.16866026436555345,2.677700113348107,0.23552820825545087,1.0,2,-0.6549763581207018,1.7315048434742724
1,1,2,0,0,0.0912004936906545,0.47029243265962256,-0.2954633436117584,0.23552820825545087,0.0,0,0.21771300572728544,-0.484688190105974
1,0,1,1,0,-0.866137739976829,-0.6601415692437526,-0.8084708419368886,0.23552820825545087,1.0,0,-1.0125698599591675,0.386987720176047
1,1,1,1,0,0.6038849250539735,0.3073593626411069,-0.2703829770269742,0.23552820825545087,0.0,0,0.6635964999107149,-0.5615991360519064
0,0,0,1,0,0.9159842026964864,0.8163535491491222,0.904974202469046,0.23552820825545087,1.0,1,1.1036134006388103,-0.4300108073076792
1,1,1,0,1,-0.8198488583489506,0.07277451616923312,-0.08000019431520383,0.23552820825545087,1.0,1,-0.7650757475095393,0.32780617301890647
1,1,0,0,0,-0.6587729015731518,-0.6601415692437526,-1.1937964740122085,-5.2387285689874545,0.0,2,-0.8139565624446282,-0.4140562476316471
1,0,0,1,0,0.1412298910056341,-0.3893673249690553,-0.02641941115680116,0.23552820825545087,1.0,0,0.027339808943901995,-0.35706138846181784
1,0,3,1,1,-0.38571525641475846,0.6265207704959186,-0.9794733413785985,0.23552820825545087,1.0,0,-0.19576987498336598,-0.5822712988390891
0,1,0,1,0,-0.5470249954210011,0.6651335654730383,2.5728185803571915,0.23552820825545087,1.0,2,-0.3395685893732611,0.844280680877158
1,0,0,0,0,-0.7801058791734995,-0.6601415692437526,1.7029858665303597,0.23552820825545087,1.0,0,-0.9301688526476112,2.6610187094365805
1,1,2,0,0,-0.6826186890784225,-0.6601415692437526,-0.8096108585998334,0.23552820825545087,1.0,1,-0.8367959720798965,-0.08159553110720555
0,0,2,0,0,-0.8158745604314055,-0.08159588383343579,-0.15638131073250086,0.23552820825545087,1.0,2,-0.804059484936012,0.36223040375953336
1,1,2,1,0,1.0525130252756831,-0.07594129042674462,-0.12902091082182718,0.23552820825545087,0.0,2,0.987042845186647,-0.5784247643254145
1,0,3,1,1,-0.4460310718692666,0.23481900722384022,1.8238276328025016,0.23552820825545087,1.0,1,-0.3621169084935703,0.5853550195027667
1,1,0,0,0,-1.0389028082748193,-0.6601415692437526,-1.0205139412446091,0.23552820825545087,1.0,1,-1.1780436219244936,1.4089997819736026
1,1,0,1,0,-0.7967044175350114,-0.6601415692437526,0.6416303533288127,0.23552820825545087,1.0,0,-0.9460668730800038,1.6931272967990634
1,1,0,1,0,-0.772624847799297,1.790639993122011,2.5967589302790306,-4.427727564951469,1.0,0,-0.2436654604832082,0.6994128317200896
1,0,0,0,0,-0.9977571357167051,-0.6601415692437526,0.5641092202485707,0.23552820825545087,0.0,0,-1.1386344445146188,4.547762658909644
1,0,0,0,0,-0.823355591805608,-0.6601415692437526,-0.3855246599843924,0.23552820825545087,1.0,1,-0.9715932720841272,0.7165816251230157
1,1,1,0,0,-0.632355509532999,-0.6601415692437526,0.2813850878382769,0.23552820825545087,1.0,0,-0.7886540792212428,0.6470684832745591
1,1,1,1,0,-0.49512534026247085,1.3586290568508055,-0.9361527081866987,0.23552820825545087,1.0,0,-0.0976275882859336,-0.5901624005583775
0,0,1,1,1,-0.6225366558543581,-0.41982134945937777,0.5401688703267313,-1.791974301834514,1.0,2,-0.7126346716607174,0.619207002954025
1,1,0,1,0,-0.4016124480849389,-0.07303321381758923,1.1135972517879325,0.23552820825545087,1.0,2,-0.4049072141925876,0.35611039836556513
1,1,0,1,0,-0.8595918375244017,-0.6601415692437526,0.5812094701927417,0.23552820825545087,1.0,2,-1.0063002180985055,2.1369652162099593
1,1,3,1,1,-0.7452723268373689,-0.6601415692437526,-1.200636573989877,0.23552820825545087,0.0,0,-0.8968054013176604,-0.3319105763498294
1,1,0,1,0,0.14637310007539836,-0.6601415692437526,-0.14612116076599818,0.23552820825545087,1.0,1,-0.042790613583215946,-0.36557640669702157
1,0,2,0,0,1.380977059049264,0.9433395610822438,0.7305516530385017,0.23552820825545087,1.0,1,1.5841814492585442,-0.5217462134078831
1,1,0,1,0,-0.46262961023077853,-0.6601415692437526,2.4189163308596524,0.23552820825545087,0.0,1,-0.6260912224055095,1.4769787951132738
1,0,0,0,0,-0.145854687979389,-0.6601415692437526,-0.22478231050918487,0.23552820825545087,1.0,1,-0.32268533950562167,-0.25857742470564765
1,0,0,1,0,-1.0297853012875098,-0.6601415692437526,-1.0683946410882879,0.23552820825545087,0.0,1,-1.1693109064757146,1.1202419140959048
1,1,1,1,0,0.725451684884765,1.458957699866669,-0.6032678426068365,-4.427727564951469,1.0,1,1.0992470429144208,-0.6649892541926085
0,0,0,1,1,-0.5446871731165628,0.07091657833560605,-0.754890058778486,0.23552820825545087,1.0,2,-0.5020418798766993,-0.37603427837229336
1,0,0,1,0,-0.2155217926516503,0.869506727172019,0.39538675413275026,0.23552820825545087,1.0,0,0.034594680239810875,-0.24117797504129712
1,1,2,1,0,1.6937776833831084,0.24814769168246942,1.0622965019554194,0.23552820825545087,1.0,0,1.6910788429828294,-0.49168968160941184
1,1,1,0,0,-0.9012050745434034,-0.6601415692437526,-0.9817533747044881,0.23552820825545087,1.0,1,-1.046157227069856,0.29384090877383245
0,1,0,1,0,-0.192611134068155,-0.6601415692437526,-1.3385785902061897,0.23552820825545087,1.0,2,-0.3674684956532066,-0.6784256095258593
1,0,0,0,1,-0.9201414352093537,-0.12529781287657757,-0.08228022764109318,0.23552820825545087,1.0,0,-0.9160397668830481,0.7869124949334515
0,0,1,0,0,-0.5874693212877837,-0.6601415692437526,-1.033054124537001,-2.8057255568794965,1.0,2,-0.7456622493195613,-0.3583185890507074
1,1,0,1,0,-0.7261021839409748,-0.6601415692437526,-0.30800352690415056,0.23552820825545087,0.0,0,-0.8784443072971505,0.44036143766222946
1,1,0,1,0,-0.6723322709388939,1.588124769256657,-1.1459157741685297,0.23552820825545087,0.0,2,-0.20374127677763618,-0.6373093242879662
1,1,1,0,0,-0.4046516170807087,-0.29428937583083375,0.5960296868110233,0.23552820825545087,1.0,0,-0.46914865168629816,0.21531135323927852
1,0,0,1,0,1.11703692087818,-0.10122540094523519,-0.06517997769692217,0.23552820825545087,1.0,0,1.041835036733217,-0.5744264338069516
1,1,3,1,0,-0.009559647630636183,-0.35067375008612567,-0.2749430436787532,0.23552820825545087,0.0,0,-0.10636030373471266,-0.38054383729966246
1,0,0,1,0,-0.4467324185605981,-0.33912222355531374,0.6085698701034153,0.23552820825545087,1.0,1,-0.5218808180500794,0.2932073416943044
1,1,0,1,1,-0.7602343895857739,-0.6601415692437526,-0.7104294089236415,0.23552820825545087,1.0,1,-0.9111360112848875,0.16009384668458534
1,1,2,1,0,0.0912004936906545,-0.6601415692437526,0.15028317159963256,0.23552820825545087,1.0,1,-0.09563473783736615,-0.25225661266121874
1,1,0,0,0,-0.99378283779916,-0.6601415692437526,-1.1561759241350322,0.23552820825545087,1.0,2,-1.1348278762420743,0.5094500456179483
1,0,0,1,0,-0.587001756826896,-0.2899272609171005,-0.22478231050918487,0.23552820825545087,1.0,1,-0.6425938154458946,0.02666571836721176
1,1,1,1,0,0.16133516282380347,-0.6601415692437526,-0.13130094414771684,0.23552820825545087,1.0,1,-0.02846000361598877,-0.36660337303109625
1,1,0,0,0,-0.7081009521967999,-0.6601415692437526,-0.07544012766342484,0.23552820825545087,1.0,2,-0.8612027921803304,0.5887208802036651
1,0,0,0,0,-0.6101461976408352,-0.6601415692437526,-1.2029166073157664,0.23552820825545087,1.0,2,-0.76738208005114,-0.4581396446241603
1,1,2,1,0,-0.554038462334316,-0.6601415692437526,-1.2200168572599375,-0.7782230467895316,1.0,0,-0.713642292674038,-0.504505738135841
1,0,1,0,1,-0.7527533582115714,-0.6601415692437526,-1.0102537912781064,0.23552820825545087,0.0,0,-0.903970706301274,-0.14221809903896762
0,0,0,0,0,0.3016045010901014,-0.6601415692437526,0.3589062209185186,0.23552820825545087,1.0,1,0.10588946482676598,-0.2815087245870891
1,0,1,0,0,-0.713477943497008,0.8354983868260623,-0.5838875593367759,0.23552820825545087,0.0,2,-0.45177278710103524,-0.32818450187129655
1,1,2,0,0,0.07039387518115364,-0.6601415692437526,-0.7947906419815517,0.23552820825545087,1.0,1,-0.11556324232304144,-0.5415486586507243
1,0,1,1,0,0.26116017522331886,0.1905516188400292,-0.2567027770716375,0.23552820825545087,1.0,0,0.3029577434542135,-0.4947545751762585
1,1,0,0,1,-0.6978145340572713,-0.1765122731600376,0.507108387101334,0.23552820825545087,0.0,0,-0.7172921199000662,0.6096269901562161
1,1,0,1,0,-0.8511756772284238,-0.6601415692437526,-0.05833987771925383,0.23552820825545087,0.0,1,-0.9982392499919402,1.2616138014561669
1,1,0,1,0,-0.9531047297019336,-0.22150668069613738,-0.34220402679249257,0.23552820825545087,1.0,1,-0.9742802614529823,0.7793966330539681
0,1,1,1,0,-0.7328818686238459,2.4799349293976647,-1.3317384902285214,0.23552820825545087,1.0,2,-0.014532442054089904,-0.722017429755698
1,0,0,1,0,1.7828487131822077,-0.6601415692437526,-0.1803216606543402,0.23552820825545087,1.0,2,1.5246198515822562,-0.6358650726570494
1,0,1,1,0,0.7058139775274833,-0.6601415692437526,0.06706195520466687,0.23552820825545087,0.0,1,0.4930398497226376,-0.4641151334851785
1,1,2,1,0,-0.15731001727113667,0.7672393664167189,0.46264773724648933,0.23552820825545087,1.0,1,0.062001971802132766,-0.2347993064537886
1,1,2,1,0,-0.41937989759867,0.314387214446566,0.25744473791643724,0.23552820825545087,1.0,1,-0.3145348050867613,-0.07988478451254588
1,0,0,1,0,-0.4675390370700989,-0.02779646656405986,0.11380263838540088,0.23552820825545087,1.0,0,-0.4555121806393585,-0.016001293413433124
1,0,2,1,0,0.8493562670199949,-0.6601415692437526,0.02374132201276686,0.23552820825545087,0.0,2,0.6305241390957234,-0.4996190255347295
1,0,1,1,0,-0.27279843911038865,-0.6601415692437526,-1.0649745910994537,0.23552820825545087,1.0,0,-0.44427160844631475,-0.5435902211388824
1,0,0,1,0,-0.652928345812056,0.26462679246768356,-0.5736274093702735,0.23552820825545087,1.0,1,-0.552019882137404,-0.2538172500488842
1,1,0,1,0,-0.5991584328099752,-0.6601415692437526,0.3395259376484583,0.23552820825545087,0.0,0,-0.7568580383564575,0.5998584987116753
1,1,2,0,0,1.7833162776430953,-0.6601415692437526,-0.15182124408072187,0.23552820825545087,1.0,0,1.525067683143732,-0.6321151391165363
1,0,3,1,0,0.5601676479609773,0.5849191190038335,-0.729809692193702,-0.7782230467895316,0.0,2,0.6986617111742736,-0.6527632856990293
1,1,3,0,0,0.10733146759127876,-0.6601415692437526,-1.2827177737218978,0.23552820825545087,1.0,0,-0.08018454896644936,-0.7003556098979371
1,1,2,0,0,-0.7751964523341791,-0.058331270960192146,2.040430798762001,0.23552820825545087,0.0,0,-0.7586493646023609,1.7834818112074216
0,1,3,1,0,0.9466096748846281,1.2765566725479736,-0.8495114418028991,0.23552820825545087,1.0,1,1.2605111882018742,-0.7123541356524563
0,1,1,0,0,-0.8268623252622654,1.795809907093843,-0.22478231050918487,0.23552820825545087,1.0,0,-0.29418086061768384,-0.2751859750901078
0,1,2,1,0,-0.5229454256852867,-0.6601415692437526,-0.9726332414009302,0.23552820825545087,0.0,0,-0.6838614938358941,-0.37031546897197265
0,1,0,1,0,-0.661344506108034,-0.30551778273840624,-0.015019244527353823,0.23552820825545087,1.0,0,-0.7181206082887965,0.2750499706942603
1,1,2,1,0,-0.8172772538140685,0.6226433350170446,-0.4584857264128553,0.23552820825545087,0.0,0,-0.6101932019731169,-0.14136620464143507
1,0,0,1,0,-0.5666627027782828,-0.6601415692437526,2.7039204965958357,-0.7782230467895316,1.0,1,-0.725733744833886,2.0662282170298476
0,0,0,1,0,-0.34690740616108273,-0.6601415692437526,0.16624340488085856,-2.8057255568794965,1.0,1,-0.5152529109402368,0.07216049082143265
1,1,2,0,0,1.3365584352649365,0.6174734210452126,0.9790752855604538,-2.8057255568794965,1.0,2,1.4513098249686598,-0.47228886824248156
1,1,0,1,0,-0.9657289701459004,0.40841502480925906,0.44098742065053964,0.23552820825545087,1.0,2,-0.8117621877933966,0.8403709363553575
1,0,0,0,0,1.282087175571524,-0.20583537896902188,-0.47786600968291576,0.23552820825545087,0.0,0,1.1709224843286306,-0.6511635742788703
1,1,0,0,0,-0.8322393165624736,0.35711978461998917,-0.47558597635702626,-2.8057255568794965,1.0,1,-0.6981249290688998,-0.04924897078334635
1,1,2,1,0,0.28453839826770183,1.672216651204736,0.6712707865653756,-0.7782230467895316,0.0,0,0.736055646557507,-0.39823063444268303
1,1,3,0,1,-0.9164009195222523,-0.6601415692437526,-1.0353341578628905,0.23552820825545087,1.0,1,-1.0607117528178212,0.27909717212585283
0,1,0,1,0,-0.8465000326195472,0.6540667183770856,-0.0378195777862485,0.23552820825545087,1.0,2,-0.6294723506946521,0.11421099407165586
1,0,0,0,0,-0.7723910655688532,1.1921416709766555,-0.5109264929083132,0.23552820825545087,1.0,1,-0.4093407466511985,-0.32206186927448055
1,1,0,1,0,0.04070353191478725,-0.6601415692437526,-0.8529314917917332,-4.427727564951469,0.0,2,-0.14400054647675786,-0.5529591713817741
0,1,2,1,0,-0.5961192638142054,-0.23984371931497878,1.0600164686295297,0.23552820825545087,1.0,2,-0.6374437524889223,0.7473555680951863
1,0,2,1,1,-0.4930213001884764,-0.6601415692437526,-0.9931535413339354,-2.8057255568794965,0.0,0,-0.6552002739014398,-0.4033402093803973
1,1,3,1,1,-0.46613634368743595,-0.6601415692437526,0.695211136487215,0.23552820825545087,1.0,0,-0.6294499591165784,0.5242768922918541
1,0,1,0,0,0.45449807980036616,0.19854882951520678,0.0397015552939932,0.23552820825545087,1.0,2,0.4903528603537825,-0.46927525267200054
1,0,0,0,0,0.14730822899717366,0.1891783604412615,-0.23846251046452188,0.23552820825545087,0.0,0,0.19353010140758958,-0.4645490654644623
1,1,3,0,0,-0.5750788630742607,-0.16875740220228977,-1.1196953909208007,0.23552820825545087,1.0,1,-0.5975867435175717,-0.5071188009797012
1,1,0,1,0,0.05870476365896215,-0.6601415692437526,1.1819982515646166,-0.7782230467895316,1.0,2,-0.12675903135993766,0.09326941767668123
1,0,0,0,0,-0.2108461480427737,2.4812274078906227,1.2766196345890295,0.23552820825545087,1.0,1,0.4858297615828765,-0.20857959550282879
1,1,1,1,0,0.6950599949270672,-0.23766266185811216,3.414150877610405,0.23552820825545087,0.0,1,0.5998476771346276,0.17517854023233073
1,0,0,1,0,1.0020160634998159,-0.6601415692437526,1.1398176350356612,2.2630307183454157,0.0,1,0.7767411439175881,-0.32236671807036577
1,0,0,1,1,-0.5271535058332756,-0.38209713344616664,-1.3647989734539185,0.23552820825545087,1.0,1,-0.6108201661591831,-0.6340544068664333
0,0,0,1,0,-0.07899297007245366,-0.40253444961606477,-0.7685702587338229,0.23552820825545087,1.0,1,-0.1872386837372512,-0.513196063023293
1,1,0,1,0,1.7812122375691009,0.007989031709714324,0.09328233845239588,0.23552820825545087,0.0,0,1.7082531833654282,-0.6144922890887959
1,1,0,1,0,-0.9531047297019336,-0.22150668069613738,-0.34220402679249257,0.23552820825545087,1.0,1,-0.9742802614529823,0.7793966330539681
1,0,0,1,0,-0.5421155685816806,1.7200383554441812,1.80900741618422,0.23552820825545087,1.0,2,-0.04245473991210906,0.2173866881138188
1,1,0,1,0,-0.20640428566434096,0.06203078869651993,-0.6500085257875706,0.23552820825545087,0.0,0,-0.18049881873703957,-0.47546978954312225
1,0,1,1,0,1.2121862886688188,-0.6601415692437526,-0.3615843100625529,0.23552820825545087,1.0,0,0.9780414308009823,-0.6156566596384464
1,0,3,1,0,-0.34456958385664443,-0.6601415692437526,-0.6306282425175102,0.23552820825545087,1.0,0,-0.5130137531328576,-0.3102725593507825
1,1,1,1,0,-0.48530648658383,-0.6601415692437526,-0.0469397110898065,0.23552820825545087,0.0,2,-0.6478110531370882,0.13593563341195244
1,0,1,1,0,-0.5631559693216254,-0.6601415692437526,0.2551647045905479,0.23552820825545087,1.0,1,-0.7223750081228171,0.4587890389047606
1,0,2,1,0,-0.3031901290680865,0.9514983315690411,0.23920447130932157,2.2630307183454157,0.0,1,-0.026646285792011504,-0.2581580668577214
1,1,2,1,0,-0.6290825583067854,-0.4077043635878967,-0.8631916417582357,0.23552820825545087,0.0,0,-0.7155455768103104,-0.2743446730422242
1,1,0,1,1,-0.7417655933807115,-0.6601415692437526,-0.16892149402489287,0.23552820825545087,0.0,1,-0.8934466646065915,0.6161971754295501
1,1,0,1,0,-0.3499465751568525,-0.6601415692437526,1.0383561520335798,0.23552820825545087,1.0,1,-0.5181638160898299,0.4940013155475477
0,0,0,1,0,-0.6092110687190598,-0.2925929978088264,-0.5838875593367759,0.23552820825545087,1.0,2,-0.6646047366924326,-0.1551665334183881
1,1,0,1,0,-0.6648512395646914,0.45203617394659096,0.3190056377154529,0.23552820825545087,1.0,1,-0.5114911258238397,0.14045817286642528
0,0,0,1,0,0.25508183723177924,-0.6601415692437526,-0.3570242434107741,-2.8057255568794965,1.0,0,0.06133022445991899,-0.46031274673213934
1,1,0,1,0,0.24970484593157116,-0.32256234286428964,-0.02983946114563549,0.23552820825545087,0.0,1,0.14975456627332534,-0.39910807493637407
1,1,0,0,0,2.845388950549414,-0.6601415692437526,-0.7332297421825361,0.23552820825545087,0.0,1,2.5423170750361237,-0.7450669120704244
1,1,1,1,0,0.3219435551387146,0.13764078053456189,0.708891336442552,0.23552820825545087,1.0,1,0.34650936280773986,-0.2840753371108374
1,1,2,1,0,-0.16128431518868178,-0.6601415692437526,-1.0706746744141773,0.23552820825545087,1.0,0,-0.33746378103432473,-0.5792055018163271
0,0,3,1,0,2.9840218132026055,-0.21536740785458694,-0.896252124983633,0.23552820825545087,1.0,1,2.7983871618880136,-0.7661901751423968
1,0,0,1,0,-0.497696944797353,0.33474375071065404,-0.04351966110097216,0.23552820825545087,1.0,2,-0.3839039139593703,-0.1451962312025287
1,1,0,0,0,-0.3466736239306389,-0.6601415692437526,0.5424489036526207,0.23552820825545087,1.0,0,-0.515028995159499,0.25167550961806656
1,1,1,1,1,-0.19471517414214945,-0.13741479874805865,-0.7104294089236415,0.23552820825545087,1.0,1,-0.22458783596433685,-0.48141135154450776
1,1,2,0,1,0.3315286265869116,0.20816163830658185,0.46264773724648933,0.23552820825545087,1.0,2,0.3752377574764154,-0.34881074323334954
1,1,0,1,0,-0.6742025287824446,-0.6601415692437526,-0.6819289923500231,0.23552820825545087,1.0,0,-0.8287350039733313,0.007008984964030035
1,1,0,1,0,-0.5313615859812645,-0.6601415692437526,-0.6066878925956707,0.23552820825545087,0.0,0,-0.6919224619424593,-0.1382503430612339
1,1,3,0,0,-1.0290839545961783,-0.6601415692437526,-0.22478231050918487,0.23552820825545087,1.0,0,-1.1686391591335008,3.5248444427947416
1,1,0,1,0,1.6472550195247864,-0.4236180050324418,-0.04009961111213816,0.23552820825545087,0.0,2,1.460311239354324,-0.6119566139794758
1,0,2,1,0,0.16180272728469114,-0.22360695824719412,-1.0478743411552827,0.23552820825545087,0.0,2,0.09299191585626145,-0.6550431242897852
1,1,0,1,0,-0.23469193554804438,0.3567158850909398,-0.0640399610339775,0.23552820825545087,1.0,2,-0.12590815139313352,-0.3054469739615956
1,0,0,1,0,-0.8628647887506153,0.41673535510767606,-0.9931535413339354,0.23552820825545087,1.0,1,-0.7109329117271092,-0.36158295211232244
1,1,0,1,0,-0.727271095093194,-0.6601415692437526,0.3190056377154529,0.23552820825545087,1.0,2,-0.8795638862008401,1.0034313901649063
1,1,0,0,0,-0.769819461033971,-0.6601415692437526,-0.39920485993972926,0.23552820825545087,1.0,0,-0.9203165582951425,0.4920388358120891
1,1,0,1,0,-0.9161671372918085,-0.6601415692437526,0.8525334359735884,0.23552820825545087,0.0,0,-1.0604878370370832,3.2379135636666447
1,0,0,1,0,-0.8719822957379246,-0.6601415692437526,-0.793650625318607,0.23552820825545087,0.0,1,-1.0181677544776155,0.4312206757848696
1,0,0,1,0,-0.6078083753363969,-0.6601415692437526,2.4781971973327783,0.23552820825545087,1.0,1,-0.7651429222437607,2.122496013626172
0,0,0,1,0,2.8299593233401215,-0.6601415692437526,0.48658808716832896,0.23552820825545087,1.0,1,2.5275386335074206,-0.6251815409663887
0,1,0,0,1,0.40376733579405505,1.6649464596818473,1.4966428505373626,0.23552820825545087,1.0,2,0.8482374527072072,-0.277456191062177
1,0,0,0,0,0.9863526540600792,-0.009055528416169082,1.0144158021117404,0.23552820825545087,1.0,2,0.9422149058829143,-0.3818727310613123
1,1,0,1,0,0.021299606787949364,-0.6601415692437526,-0.07544012766342484,0.23552820825545087,0.0,1,-0.1625855562780056,-0.29182068826405355
1,1,2,1,1,-0.6980483162877152,0.5950973871358777,1.3210802844438738,0.23552820825545087,1.0,1,-0.5036316819199386,0.6027368654175265
1,0,2,1,0,-0.47244846390941936,-0.3421918599760889,0.26086478790527157,-0.7782230467895316,1.0,0,-0.5473624338980553,0.15844336933512168
1,0,0,1,0,-0.16432348418445158,-0.6601415692437526,-1.0581344911217851,0.23552820825545087,1.0,2,-0.34037468618391775,-0.5734992329483006
0,0,0,1,0,-0.5799882899135811,0.21252375322031491,-1.3385785902061897,-2.8057255568794965,1.0,1,-0.4966007264047677,-0.6517331364715175
1,1,0,0,0,1.7473138141547455,4.251761383431439,1.4772625672673023,-2.8057255568794965,1.0,1,2.8521269492651156,-0.552856015597312
1,1,0,0,0,-0.6742025287824446,0.12172713909001671,-0.2806431269934769,0.23552820825545087,0.0,1,-0.6120069197970941,-0.04254071136765543
1,1,0,1,0,0.2709790289019597,-0.35342026688366146,-0.8096108585998334,0.23552820825545087,1.0,1,0.16157731949628779,-0.6027950864378372
0,1,1,1,0,0.46455071570945083,-0.6601415692437526,0.6085698701034153,0.23552820825545087,0.0,1,0.2619587640010994,-0.27782329446717374
1,1,2,1,0,0.3694013479188121,0.26947358681627603,-0.2145221605426822,0.23552820825545087,1.0,1,0.42850732171396777,-0.5110061469390859
1,1,1,1,0,-0.7239981438669804,-0.6601415692437526,-0.26582291037519523,0.23552820825545087,1.0,0,-0.8764290652705092,0.4716134573186655
0,0,0,1,0,-0.18583144938528393,-0.6601415692437526,0.9938955021787355,0.23552820825545087,1.0,1,-0.3609749380118068,0.2521080047906004
1,0,0,0,0,-0.25830394082287117,0.15823965651607974,0.10354248841889821,0.23552820825545087,1.0,0,-0.20353975257497192,-0.20994958119884222
0,0,0,0,0,0.3016045010901014,-0.6601415692437526,0.3589062209185186,0.23552820825545087,1.0,1,0.10588946482676598,-0.2815087245870891
1,0,3,1,0,-0.9215441285920166,-0.6601415692437526,4.367204807832203,-2.8057255568794965,1.0,1,-1.0656378999940554,8.959477393076254
1,1,0,1,0,-0.7557925272073412,-0.6601415692437526,-1.1037351576395746,0.23552820825545087,1.0,2,-0.906881611450867,-0.2262553084078469
1,1,0,1,0,-0.5075157984759938,-0.6601415692437526,-1.0672546244253431,0.23552820825545087,1.0,0,-0.669083052307191,-0.4376909839002484
0,1,0,0,0,-0.6926713249875072,0.4319219773999325,-0.2453026104421902,0.23552820825545087,0.0,2,-0.543712606672027,-0.09745831526740509
1,1,1,1,0,2.340419332790742,-0.19848440754032332,2.8760630127004903,0.23552820825545087,1.0,0,2.1866268573339305,-0.34676273315484485
1,0,0,1,1,-0.5135941364675334,1.4424785990814546,1.2503992513413005,0.23552820825545087,1.0,1,-0.09207447692363323,0.08757422880083947
1,1,0,1,0,-0.8310704054102545,-0.6601415692437526,-0.5975677592921128,0.23552820825545087,1.0,0,-0.9789824928484787,0.5046105629410432
1,0,3,1,0,-0.6459148788987411,-0.6601415692437526,-0.09596042759643017,0.23552820825545087,1.0,2,-0.8016411945040424,0.40186167221530283
1,1,0,1,1,2.6459727079808273,0.2601031177423307,0.28822518781594525,0.23552820825545087,1.0,2,2.6064017714833176,-0.6486485629228821
0,0,0,0,0,-0.8039516666787702,0.6389608759906392,0.44440747063937364,0.23552820825545087,1.0,0,-0.5929069037001491,0.32044666180657577
1,0,0,0,0,-1.055735128866775,-0.18523650298750402,-0.3912247432991161,-0.7782230467895316,0.0,0,-1.0625254706417984,1.3062284523618706
1,1,1,0,0,1.5231166551591127,-0.36157903737045866,-0.7708502920597123,-2.8057255568794965,1.0,1,1.358608691743159,-0.7061327825153677
1,0,2,1,0,-0.3031901290680865,0.9514983315690411,0.23920447130932157,2.2630307183454157,0.0,1,-0.026646285792011504,-0.2581580668577214
1,0,0,1,0,-0.6905672849135127,-0.00420873406757665,-0.3342239101518794,0.23552820825545087,1.0,2,-0.6625894946657912,-0.01040520441122669
0,1,0,1,0,0.568817590487399,-0.6601415692437526,-0.798210691970386,0.23552820825545087,0.0,1,0.3618252022102138,-0.6293440678432027
1,1,1,1,0,1.3730284632141738,2.9182466983220405,-0.4584857264128553,0.23552820825545087,0.0,0,2.123997613461533,-0.7028393602419934
1,1,0,1,0,-0.5701694362349403,-0.6601415692437526,-0.4790060263458606,0.23552820825545087,0.0,2,-0.7290924815449549,-0.008336477812151941
1,0,1,0,0,-0.35321952638306614,-0.6601415692437526,0.14002302163312988,0.23552820825545087,1.0,2,-0.5212986370201608,0.06664923570130064
1,1,2,1,0,1.2526306145356014,0.4161698957670071,-0.9680731747491512,0.23552820825545087,1.0,1,1.3151242471238538,-0.7321133105332113
1,0,0,1,0,-0.8268623252622654,0.9722587673621789,-1.0786547910547903,0.23552820825545087,1.0,2,-0.5224629990799979,-0.5199236622999156
0,1,0,1,0,-0.40114488362405126,-0.6601415692437526,0.434147320672871,0.23552820825545087,1.0,2,-0.5672013720714354,0.27431200873907996
1,0,0,0,0,0.3577122363966206,-0.3933255403537391,0.6644306865877073,0.23552820825545087,1.0,1,0.23358863458160442,-0.2536789531126109
1,1,0,1,0,-0.2660187544275176,-0.6601415692437526,0.468347820561213,-2.8057255568794965,0.0,0,-0.43777805080491494,0.12119215169739835
1,0,0,0,0,0.20645513329946263,0.35994708132333475,-0.5040863929306446,0.23552820825545087,1.0,1,0.2975165899822819,-0.5516375156157992
1,1,1,0,0,-0.632355509532999,-0.6601415692437526,0.2813850878382769,0.23552820825545087,1.0,0,-0.7886540792212428,0.6470684832745591
1,0,1,0,0,-0.0581863515629528,-0.6601415692437526,-1.0649745910994537,0.23552820825545087,1.0,1,-0.23871692172889997,-0.6018761968909931
1,0,0,1,0,-0.9075171947653868,-0.006955250865112343,-1.199496557326932,0.23552820825545087,0.0,2,-0.8711446528450942,-0.3616055657958683
1,1,0,1,0,-0.12200890047411836,-0.6601415692437526,-0.3353639268148241,0.23552820825545087,1.0,1,-0.2998459298703534,-0.3134305026729853
1,1,0,1,0,1.009964659334906,-0.6601415692437526,-0.5793274926849972,-2.8057255568794965,1.0,1,0.7843542804626775,-0.6335703108067312
1,1,0,1,0,-0.691502413835288,-0.6601415692437526,-0.9350126915237541,0.23552820825545087,1.0,2,-0.8453047717479377,-0.1707980215916168
0,1,0,1,0,0.3485947294093112,4.406293343245727,-0.5724873927073286,0.23552820825545087,1.0,1,1.555273921965278,-0.6896076562337506
1,1,2,1,0,-0.7041266542792548,2.049378031431037,1.5114630671556442,0.23552820825545087,1.0,1,-0.10633791215663899,0.18074132335426052
0,1,0,1,0,-0.2604079808968657,-0.5357405142965468,0.5139484870790023,0.23552820825545087,1.0,2,-0.39792104183356436,0.09747166533952276
1,1,0,1,0,-0.6657863684864667,-0.6601415692437526,-1.0695346577512326,0.23552820825545087,0.0,2,-0.820674035866766,-0.3107458274575878
1,1,0,1,0,-0.7735599767210722,-0.6601415692437526,-0.12560086083299318,0.23552820825545087,1.0,1,-0.9238992107869493,0.7778072748600641
1,1,1,1,0,-0.11709947363479793,-0.6601415692437526,-0.9201924749054724,0.23552820825545087,0.0,1,-0.29514369847485694,-0.5342099792296289
1,0,0,1,0,-0.5110225319326513,-0.6601415692437526,-0.22478231050918487,0.23552820825545087,1.0,2,-0.6724417890182599,0.06812067089110302
1,1,3,1,0,-0.42218528436399594,1.1884257953094013,-0.22478231050918487,0.23552820825545087,1.0,1,-0.074944919697182,-0.3770863781726136
1,0,1,0,0,-0.2732660035712763,0.12875499089547576,-1.3647989734539185,0.23552820825545087,1.0,2,-0.22604328853913336,-0.7094490224978943
1,0,0,1,0,-0.7050617832010301,1.5810161375453884,-0.5405669261448761,0.23552820825545087,1.0,0,-0.23705994495143942,-0.4172132640052597
1,1,0,1,0,-0.39553411009339934,-0.16811116295581072,-0.5702073593814393,0.23552820825545087,1.0,0,-0.4254402912862553,-0.33786717663847116
1,1,0,1,0,-1.0262785678308524,-0.6601415692437526,2.3436752311053,0.23552820825545087,1.0,2,-1.1659521697646458,10.640961614000107
1,0,0,1,0,0.6204834634154853,-0.6601415692437526,2.6298194135044284,0.23552820825545087,0.0,2,0.41131058975329515,0.11565436716251483
1,0,0,1,0,-0.4675390370700989,-0.02779646656405986,0.11380263838540088,0.23552820825545087,1.0,0,-0.4555121806393585,-0.016001293413433124
1,1,0,0,0,-0.39015711879319126,-0.006955250865112343,1.4487621506936839,0.23552820825545087,1.0,0,-0.375619030072067,0.4540573284514635
1,0,0,0,1,-0.13206153638320306,0.5119748640575175,-0.7457699254749282,0.23552820825545087,1.0,0,0.015427489408644447,-0.5577405936335403
0,1,1,1,0,-0.5750788630742607,0.5440444866640374,-0.43454537649101593,0.23552820825545087,1.0,1,-0.4000034585944271,-0.2956502074563888
1,1,0,1,0,-0.15006276812737795,0.39589413940872864,-0.9110723416019145,0.23552820825545087,1.0,2,-0.03399072340021547,-0.5955165633515392
1,1,2,1,0,0.13211238401832473,-0.6601415692437526,-0.7754103587114913,0.23552820825545087,1.0,2,-0.05644947620822935,-0.550105200986609
1,1,0,1,1,-0.21248262365588053,-0.1422615930966511,-0.05605984439336449,0.23552820825545087,1.0,2,-0.24294892998484666,-0.24291769509291045
0,0,0,1,0,-0.07899297007245366,-0.40253444961606477,-0.7685702587338229,0.23552820825545087,1.0,1,-0.1872386837372512,-0.513196063023293
1,1,2,0,0,-0.7384926421544978,-0.512556681329113,1.6083644835059465,0.23552820825545087,1.0,0,-0.8494024305354417,1.9533798772928346
0,1,2,0,0,-0.9339345868055395,-0.6601415692437526,-0.17348156067667186,0.23552820825545087,1.0,1,-1.0775054363731655,1.818807279242444
1,1,0,0,0,0.042340007527894054,3.3971907598687827,-0.09824046092231951,0.23552820825545087,1.0,1,0.9822286559007817,-0.5728059992746735
1,0,0,1,0,-0.7637411230424315,0.4030027711199975,-0.6545685924393495,0.23552820825545087,0.0,1,-0.6197991889667739,-0.23957444160637026
1,1,2,1,1,-0.6735011820911131,-0.13886883705263645,-0.6830690090129679,0.23552820825545087,1.0,0,-0.6835704033209348,-0.19430979000273735
1,1,0,1,0,-0.6851902936133045,-0.6601415692437526,-1.1595959741238664,0.23552820825545087,1.0,1,-0.8392590456680137,-0.36254954538298484
0,1,0,1,0,2.0287876196091164,-0.3951834781873662,2.963844295747235,0.23552820825545087,0.0,1,1.833623629000592,-0.28019107248108965
1,0,0,1,0,-0.42312041328577127,-0.6601415692437526,-0.549687059448434,0.23552820825545087,1.0,2,-0.5882494554608003,-0.21112101233590516
0,1,0,1,0,0.055899376893636187,-0.6601415692437526,-0.5941477093032786,0.23552820825545087,0.0,1,-0.12944602072879277,-0.4736679958907214
1,0,0,1,1,-0.8411230413193391,-0.6601415692437526,0.2631448212311609,0.23552820825545087,1.0,2,-0.9886108714202094,1.5839684815747086
1,1,1,1,0,4.335049322937499,-0.6601415692437526,0.3383859209855136,-2.8057255568794965,1.0,0,3.9691084298981796,-0.6957125548124221
1,1,0,0,0,0.24082112117470564,-0.6601415692437526,-0.7617301587561545,0.23552820825545087,1.0,2,0.04767136183490559,-0.5690429048277105
1,1,0,0,0,-0.13276288307453454,0.09466587064370896,-0.9703532080750408,0.23552820825545087,0.0,1,-0.10091915026278125,-0.6001615555534243
1,1,1,1,1,-0.5428169152730121,-0.1262671717462961,-0.45050560977224224,0.23552820825545087,0.0,2,-0.5549083957089233,-0.18953991071333212
1,0,2,1,1,-0.6183285757063692,-0.6601415692437526,-1.054714441132951,0.23552820825545087,1.0,2,-0.7752191323769673,-0.34640745572778175
1,0,0,1,0,-0.6293163405372292,0.21131205463316682,-0.4630457930646343,0.23552820825545087,1.0,2,-0.5441828298115766,-0.20506143475004746
1,1,0,1,0,0.6978653816923931,-0.6601415692437526,-0.0423796444380275,0.23552820825545087,0.0,0,0.48542671317754815,-0.48548043664540486
1,0,1,1,0,-0.6802808667739841,-0.6601415692437526,1.1044771184843745,0.23552820825545087,0.0,2,-0.8345568142725173,1.457844006741913
1,0,0,1,0,1.3898607838061297,-0.6601415692437526,-0.21794221053151655,0.23552820825545087,0.0,0,1.148217424161805,-0.6095586314921584
1,1,0,1,0,0.19266198170327667,1.715676240530448,-0.05719986105630916,0.23552820825545087,1.0,2,0.6601034137312032,-0.5203088887529238
0,0,0,1,0,0.18214178133330433,-0.43670434977364136,-0.2156621772056272,0.23552820825545087,1.0,2,0.05340360582179654,-0.4188900204532084
1,0,3,1,1,0.24619811247491372,-0.6601415692437526,1.1694580682722242,0.23552820825545087,1.0,2,0.052821424791877854,-0.034714421338036566
1,1,0,0,0,-0.13276288307453454,0.09466587064370896,-0.9703532080750408,0.23552820825545087,0.0,1,-0.10091915026278125,-0.6001615555534243
1,1,1,1,0,-0.6068732464146216,0.13287476609177937,-0.7731303253856019,0.23552820825545087,1.0,2,-0.5444291371703884,-0.35880107257742067
1,1,2,1,0,1.3931337350323432,-0.2828186292058316,0.6917910864983811,0.23552820825545087,1.0,0,1.2559433062748206,-0.48598901883306317
1,1,2,1,0,-0.3976381501673938,-0.2501027673528327,-0.06974004434870117,0.23552820825545087,1.0,1,-0.45018298505779597,-0.10221209377151
1,1,2,1,0,1.6028363957404586,0.03505030015602208,0.67469083655421,-2.8057255568794965,1.0,1,1.5449066213171123,-0.5246540253612837
1,0,2,1,0,-0.9479615206321694,-0.6601415692437526,0.0704820051935012,0.23552820825545087,1.0,1,-1.090940383217441,2.428569282088545
1,1,3,1,0,0.708853146523253,1.8012221607831045,6.228852018420952,0.23552820825545087,1.0,1,1.1782221387806868,0.363092910815437
1,1,0,1,0,1.1177382675695116,1.4447404364441307,-1.1037351576395746,0.23552820825545087,1.0,2,1.4710368052516711,-0.7567911522159826
1,0,3,1,0,0.2546142727708916,0.9408353840021378,0.4637877539094343,0.23552820825545087,1.0,1,0.5046610787429359,-0.3841240999368369
0,0,0,1,0,2.8299593233401215,-0.6601415692437526,0.48658808716832896,0.23552820825545087,1.0,1,2.5275386335074206,-0.6251815409663887
1,0,0,1,0,1.5226490906982248,-0.6601415692437526,1.1215773684285455,0.23552820825545087,1.0,1,1.2754015876209461,-0.4261187454813405
1,1,0,0,0,-0.062394431710941736,0.05290265934000422,-0.3171236602077084,0.23552820825545087,1.0,1,-0.045096946124816614,-0.415802732333445
1,1,0,1,1,1.5640285454867828,-0.6601415692437526,-0.8848519583541857,0.23552820825545087,1.0,2,1.3150346808115587,-0.7201757695175405
1,0,1,1,1,-0.4100286083809168,0.17423407786643483,-0.22478231050918487,0.23552820825545087,0.0,0,-0.34442756181527423,-0.245242602135858
1,1,2,1,0,0.6218861567981484,0.23312262920183277,-0.5850275759997208,0.23552820825545087,1.0,1,0.6602601547777195,-0.621310609450479
1,1,0,1,0,-0.3789355717318874,-0.2552726813246647,-0.2874832269711452,0.23552820825545087,0.0,2,-0.43370278359548475,-0.21061773516136575
1,1,0,1,0,-0.6744363110128884,1.084138936908854,-1.1538958908091428,0.23552820825545087,1.0,2,-0.3454575744066686,-0.6096848615549283
1,0,1,0,0,-0.007923172017529373,0.7148939874519207,-0.4060449599173976,0.23552820825545087,0.0,2,0.19057441310184903,-0.5059594113991235
1,0,0,1,0,-0.7637411230424315,0.4030027711199975,-0.6545685924393495,0.23552820825545087,0.0,1,-0.6197991889667739,-0.23957444160637026
1,0,0,1,0,-0.5666627027782828,-0.6601415692437526,2.7039204965958357,-0.7782230467895316,1.0,1,-0.725733744833886,2.0662282170298476
1,0,1,1,1,0.7815594201912842,1.4699437670568116,-0.857491558443512,0.23552820825545087,0.0,2,1.1560320849095584,-0.7079537843221992
1,1,0,1,0,-0.2826172927890295,0.5859692577793618,-1.0729547077400667,2.2630307183454157,1.0,1,-0.10826358787098501,-0.6309455795246235
0,1,2,1,0,-0.8558513218373004,0.6055987748911613,0.5994497367998574,-0.7782230467895316,1.0,1,-0.6518639287684446,0.5162083809729492
1,1,0,1,0,0.043742700910557035,-0.6601415692437526,0.3292657876819556,0.23552820825545087,1.0,2,-0.14108964132716484,-0.17109968402690742
0,0,0,1,0,-0.7373237310022787,-0.6601415692437526,1.3552807843322159,0.23552820825545087,0.0,0,-0.889192264772571,1.9934194640526517
1,0,0,1,1,0.44654948396527594,-0.6601415692437526,-0.39578480995089493,-2.8057255568794965,1.0,0,0.24471724888427923,-0.5153343470969541
1,1,1,1,0,0.20435109322546818,-0.6601415692437526,0.48772810383127363,0.23552820825545087,1.0,0,0.012740500039789352,-0.20475124315846002
1,0,1,1,1,3.3117845002848547,3.127951333804473,-0.47786600968291576,0.23552820825545087,0.0,1,4.039059719800707,-0.7549862898246008
1,1,3,1,0,1.1139977518824102,10.218407566266153,1.2731995846001951,0.23552820825545087,1.0,0,3.8994482305106115,-0.6263052853898794
1,0,0,0,1,-0.1315939719223154,-0.6601415692437526,-0.34334404345543723,0.23552820825545087,1.0,0,-0.3090264768806083,-0.31152992836399596
1,1,0,0,0,0.7366732319460688,1.0994871190127302,-1.0410342411776143,0.23552820825545087,1.0,1,1.0103524779614645,-0.7291387103376759
1,0,0,0,0,-0.36070055775726867,1.002793571758311,-0.49838630961592095,0.23552820825545087,0.0,0,-0.06751091577668274,-0.4631641456705811
1,0,0,1,0,0.3558419785530699,-0.6601415692437526,-0.6249281592027864,0.23552820825545087,1.0,1,0.1578379259579645,-0.5546652684588296
1,1,0,1,0,0.24970484593157116,-0.32256234286428964,-0.02983946114563549,0.23552820825545087,0.0,1,0.14975456627332534,-0.39910807493637407
1,1,0,1,0,0.7808580734999527,-0.16124487096197146,-0.10964062755176684,2.2630307183454157,1.0,1,0.7032072015232537,-0.5371011694016923
1,0,1,0,0,-0.5128927897762019,2.3823528031793373,1.415701667468287,0.23552820825545087,1.0,0,0.16912328130715581,-0.03597017176752919
1,1,0,1,0,0.09470722714731195,-0.6601415692437526,-0.8449513751511201,0.23552820825545087,0.0,0,-0.09227600112629729,-0.5629674144416498
0,1,0,0,0,-0.24240674915269075,0.10912547378367636,1.1295574850691585,0.23552820825545087,0.0,2,-0.2019275589536589,0.1395684795752142
1,0,0,1,0,0.20739026222123796,0.27084684521504393,0.10810255507067722,0.23552820825545087,0.0,1,0.27371434248984045,-0.40132056029098856
1,1,2,1,0,-0.9519358185497144,-0.6601415692437526,0.2905052211418346,0.23552820825545087,1.0,0,-1.0947469514899857,2.8920212877219083
1,1,0,0,0,-0.6980483162877152,-0.6601415692437526,-0.3023034435894269,0.23552820825545087,1.0,0,-0.8515744136085995,0.3680831240526233
1,1,0,1,0,-0.6723322709388939,1.588124769256657,-1.1459157741685297,0.23552820825545087,0.0,2,-0.20374127677763618,-0.6373093242879662
1,1,0,1,0,-0.47408493952252617,2.5595839165262007,-1.0478743411552827,0.23552820825545087,1.0,1,0.25542042320355207,-0.6748236486862165
1,1,2,1,0,0.3025396300118767,-0.07642596986160388,-1.2872778403736767,0.23552820825545087,0.0,1,0.2685866711109421,-0.7334850823103277
1,0,1,1,1,-0.9138293149873702,0.20775773877753248,0.28366512116416626,0.23552820825545087,1.0,1,-0.8176735644048778,0.7386473327663544
1,1,3,0,0,0.3570108897052891,0.23425354788317107,2.02105051549194,0.23552820825545087,1.0,1,0.4068770572946842,-0.015603639002671227
1,1,0,1,0,-0.1145278690999158,-0.6601415692437526,-0.050359761078640826,0.23552820825545087,1.0,0,-0.2926806248867398,-0.21108814395412556
1,1,0,1,0,-0.33288047233445295,-0.6601415692437526,-0.22478231050918487,0.23552820825545087,1.0,2,-0.5018179640959614,-0.12703893629829718
0,0,2,1,0,-0.720257628179879,0.14491097205745054,-0.4653258263905238,0.23552820825545087,0.0,2,-0.6496919456952868,-0.10258554217927947
1,1,2,1,0,-0.16128431518868178,-0.6601415692437526,-1.0706746744141773,0.23552820825545087,1.0,0,-0.33746378103432473,-0.5792055018163271
1,1,0,1,1,-0.4450959429474913,-0.6601415692437526,-0.1940018606096772,0.23552820825545087,1.0,2,-0.6092975388501651,0.001369033727058592
1,0,0,1,1,-0.6931388894483947,-0.6601415692437526,0.2380644546463769,0.23552820825545087,0.0,2,-0.8468721822131031,0.8029774811853188
1,1,1,0,1,0.09073292922976685,0.7829914480496443,3.399330660992123,0.23552820825545087,1.0,1,0.3039429728894603,0.35985769339750656
1,1,0,1,1,-0.04112024874055322,3.8412379021056595,-0.7856705086779938,-2.8057255568794965,0.0,2,1.0253772268489794,-0.6887031529133196
1,0,1,1,1,-0.27162952795816947,-0.6601415692437526,-0.8096108585998334,0.23552820825545087,1.0,2,-0.4431520295426251,-0.43219424616352703
1,0,1,1,0,-0.8532797173024183,-0.6601415692437526,-0.8859919750171303,0.23552820825545087,1.0,1,-1.0002544920185816,0.23924463886264818
0,0,3,0,0,-0.7775342746386174,-0.6601415692437526,0.17650355484736124,0.23552820825545087,1.0,1,-0.9277057790594939,1.0989610830435297
0,1,0,1,0,-0.9082185414567183,-0.6601415692437526,0.648470453306481,-2.8057255568794965,1.0,0,-1.0528747004919938,2.8018950080000673
1,1,2,1,0,1.4707494355396946,-0.6601415692437526,2.4417166641185473,-1.791974301834514,1.0,0,1.225692284297127,-0.22188314353496136
0,0,0,0,0,-0.03878242643611492,-0.13991897582816476,-0.27380302701580855,0.23552820825545087,1.0,2,-0.07593014913242879,-0.39172983140236856
1,1,0,1,0,1.1553772066709682,-0.6601415692437526,-1.2393971405299977,0.23552820825545087,0.0,1,0.9236298960816666,-0.7580944398397824
1,1,0,1,0,-0.4450959429474913,-0.6601415692437526,0.09670238844122987,0.23552820825545087,1.0,1,-0.6092975388501651,0.15925734287795207
1,0,0,1,0,-0.3983394968587253,0.25953765840166154,-0.32852382683715575,0.23552820825545087,1.0,1,-0.3095862663324531,-0.30561611504106106
1,1,0,1,0,0.7165679601278995,0.972016427644749,-1.2530773404853346,0.23552820825545087,0.0,0,0.9557618106175588,-0.7615984448142739
0,1,0,1,0,2.0287876196091164,-0.3951834781873662,2.963844295747235,0.23552820825545087,0.0,1,1.833623629000592,-0.28019107248108965
0,1,0,1,0,0.08442080900778344,-0.6601415692437526,-0.678508942361189,2.2630307183454157,1.0,0,-0.10212829547876597,-0.5085389794590766
1,0,1,1,1,0.38155802390189125,0.5971168847811246,-0.8939720916577435,0.23552820825545087,0.0,2,0.530971182979642,-0.6688300526411938
0,1,2,1,0,-0.47011064160498106,-0.6601415692437526,2.081471398628011,0.23552820825545087,1.0,0,-0.6332565273891231,1.3120762689132188
0,0,1,1,0,1.442695567886435,1.3048296395814294,0.33610588765962396,0.23552820825545087,1.0,0,1.7434975272535775,-0.5872375385747702
0,0,0,1,0,-0.6374987186027633,1.2257461117935629,0.5834895035186314,0.23552820825545087,1.0,0,-0.2708264446867183,0.006457637918732374
1,1,2,0,0,0.5227624910899645,-0.6601415692437526,-0.9874534580192117,-2.8057255568794965,0.0,1,0.3177137934048426,-0.6673487945570955
1,1,0,1,0,0.5931309424535572,-0.6601415692437526,-1.0262140245593327,0.23552820825545087,0.0,0,0.38511244340695794,-0.6830585421632921
0,1,0,1,0,0.8128862390707574,-0.6601415692437526,-1.0307740912111116,0.23552820825545087,1.0,1,0.5955932773006071,-0.7018809101020802
1,1,0,0,0,2.3715123694397713,-0.6601415692437526,-0.9498329081420356,-2.8057255568794965,1.0,1,2.0884397874803504,-0.7557277114101791
0,1,0,0,0,-0.12738589177432644,-0.31222251492062575,-0.9806133580415434,0.23552820825545087,0.0,2,-0.20855546606350156,-0.5795911385457096
1,0,3,1,0,-0.6459148788987411,-0.6601415692437526,-0.09596042759643017,0.23552820825545087,1.0,2,-0.8016411945040424,0.40186167221530283
1,1,0,1,0,0.8727344900643779,0.7001920445945236,0.8525334359735884,0.23552820825545087,1.0,2,1.0299898919321808,-0.425354202433309
0,0,0,1,1,0.07857625324668768,-0.6601415692437526,-0.9019522082983568,0.23552820825545087,1.0,1,-0.10772618999721408,-0.5772497762016998
1,1,0,0,0,-0.2973455733069908,2.2163500967400465,-0.5166265762230368,0.23552820825545087,1.0,0,0.3295589382058788,-0.5602817584359104
1,1,0,0,0,-0.48647539773604914,0.47408908823268653,0.27226495453471894,0.23552820825545087,0.0,0,-0.3345304843066578,-0.0582870415492862
1,1,0,0,0,-0.6926713249875072,5.133312495534592,0.7670321862527334,0.23552820825545087,0.0,2,0.759477237222694,-0.38586897747359294
1,0,2,1,0,0.9398299902017571,-0.6601415692437526,0.4193271040545896,0.23552820825545087,1.0,2,0.7171795462413001,-0.44089228963213606
1,0,0,0,0,-0.26812279450151205,-0.6601415692437526,1.8466279660613962,0.23552820825545087,0.0,0,-0.43979329283155627,0.7244607264289126
1,1,0,0,0,-0.4563174900087951,-0.6601415692437526,0.3041854210971716,0.23552820825545087,1.0,0,-0.6200454963255856,0.2896020806145986
0,0,0,1,0,0.039300838532124266,-0.6601415692437526,0.8137728694334674,0.23552820825545087,0.0,1,-0.1453440411611854,-0.011240170886517162
1,0,1,1,0,-0.8088610935180905,-0.020283935323741533,-0.2806431269934769,0.23552820825545087,1.0,1,-0.7803468037558658,0.2174095147211808
1,1,1,1,0,-0.7614033007379931,0.5781336069158042,0.27226495453471894,0.23552820825545087,0.0,1,-0.5690150898954125,0.1940146711612189
0,0,0,1,0,-0.7195562814885476,-0.6601415692437526,-0.22478231050918487,0.23552820825545087,1.0,1,-0.8721746654364887,0.4945133232746341
1,0,0,1,0,-0.5421155685816806,1.7200383554441812,1.80900741618422,0.23552820825545087,1.0,2,-0.04245473991210906,0.2173866881138188
1,1,1,1,0,-0.7083347344272437,-0.3828241525984555,1.0702766185960324,0.23552820825545087,0.0,1,-0.7845564204337387,1.2094581901002497
1,1,0,1,0,-0.05000397349741875,0.009685409731721694,0.35206612094085027,0.23552820825545087,1.0,2,-0.045208904015185576,-0.21574936601598177
1,0,0,1,1,0.4182618340815725,0.8148187309387347,-0.22478231050918487,0.23552820825545087,1.0,2,0.6264712634643668,-0.5472712292998124
1,0,0,1,1,-0.3200224496600423,-0.6601415692437526,-0.1677814773619482,0.23552820825545087,1.0,1,-0.4895025961553755,-0.11156374583589326
1,1,0,1,0,-0.31441167612939036,0.16114773312523523,-0.8187309919033912,0.23552820825545087,1.0,2,-0.25647344314141746,-0.5092417675032671
1,1,1,0,0,-0.6452135322074096,-0.6601415692437526,-1.3237583735879082,0.23552820825545087,1.0,0,-0.8009694471618286,-0.5229810756459512
1,1,0,0,0,-0.010027212091523843,-0.6601415692437526,-0.48812615964941847,0.23552820825545087,0.0,1,-0.1925902708968875,-0.4166131885931022
1,1,2,0,0,-0.3889882076409721,-0.333225290431193,1.2424191347006874,0.23552820825545087,0.0,1,-0.4649390350084252,0.5003192017556969
1,1,2,0,0,-0.3889882076409721,-0.333225290431193,1.2424191347006874,0.23552820825545087,0.0,1,-0.4649390350084252,0.5003192017556969
1,0,0,1,0,0.620951027876373,0.2655961513374021,2.261594031373279,-2.8057255568794965,1.0,0,0.6683659060404326,-0.07990107613522414
1,1,0,0,0,-0.4479013297128172,-0.6601415692437526,0.07504207184527988,0.23552820825545087,0.0,1,-0.6119845282190203,0.15136902637438135
1,1,0,1,0,-0.7915612084652471,-0.6601415692437526,-0.14156109411421952,0.23552820825545087,1.0,1,-0.9411407259037694,0.8391356059232106
1,1,0,0,0,-0.2690579234232874,-0.6601415692437526,0.21868417137631657,0.23552820825545087,0.0,1,-0.44068895595450797,0.015484040023064855
1,0,1,0,0,-0.5128927897762019,2.3823528031793373,1.415701667468287,0.23552820825545087,1.0,0,0.16912328130715581,-0.03597017176752919
1,0,0,1,0,-0.6905672849135127,-0.00420873406757665,-0.3342239101518794,0.23552820825545087,1.0,2,-0.6625894946657912,-0.01040520441122669
1,1,1,1,0,-0.8100300046703097,-0.6601415692437526,0.14002302163312988,0.23552820825545087,1.0,0,-0.9588300725820654,1.2363097882357397
1,0,2,1,0,-0.47244846390941936,-0.3421918599760889,0.26086478790527157,-0.7782230467895316,1.0,0,-0.5473624338980553,0.15844336933512168
1,1,0,1,0,1.0754236838591784,-0.6601415692437526,-0.5565271594261024,0.23552820825545087,1.0,1,0.8470506990692964,-0.6357460750226024
1,0,2,0,0,-0.28495511509346777,0.4541364514976478,-0.9771933080527091,0.23552820825545087,1.0,1,-0.14704580109479373,-0.5926114892764859
1,1,1,0,0,-0.632355509532999,-0.6601415692437526,0.2813850878382769,0.23552820825545087,1.0,0,-0.7886540792212428,0.6470684832745591
1,0,0,0,0,0.8827871259734625,0.2762590989043055,2.4964374639398943,0.23552820825545087,0.0,0,0.9221072687726489,-0.12758363455127672
1,1,0,1,0,-0.9902761043425026,-0.6601415692437526,-1.0227939745704984,-5.644229071005447,1.0,1,-1.1314691395310053,0.7798007338879331
1,1,1,1,0,-0.1865327960766154,-0.6601415692437526,0.536748820337897,0.23552820825545087,1.0,1,-0.36164668535402056,0.07016014798708585
1,1,0,1,0,2.0287876196091164,-0.5783923045641601,2.21599336485549,0.23552820825545087,1.0,2,1.782839529929231,-0.3618601148602449
1,1,0,0,1,1.35081915132201,-0.6601415692437526,-0.3809645933326134,0.23552820825545087,0.0,1,1.1108234887785715,-0.6312726534151607
0,0,3,0,0,1.9986297118818623,0.16502516860410912,-0.45050560977224224,0.23552820825545087,0.0,0,1.9600240872271506,-0.694799546670211
1,1,0,1,0,-0.9002699456216281,-0.6601415692437526,-0.9885934746821564,2.2630307183454157,0.0,0,-1.0452615639469043,0.27975073694139185
1,1,0,0,0,-0.0062866964044225645,-0.6601415692437526,-1.2336970572152741,0.23552820825545087,1.0,0,-0.1890076184050807,-0.6696909836350989
0,0,0,1,0,1.757600232294274,-0.6601415692437526,0.605149820114581,0.23552820825545087,0.0,0,1.5004369472625603,-0.5288873734048589
1,1,0,1,0,0.204584875455912,-0.6601415692437526,-0.18260169398022985,0.23552820825545087,1.0,2,0.012964415820527276,-0.3963365771752721
1,0,2,1,1,0.3549068496312946,0.4382228100531026,-0.4961062762900316,0.23552820825545087,1.0,0,0.46140054990436885,-0.5771849588093709
1,1,1,0,0,0.8837222548952378,3.0288343893757577,0.5173685370678367,0.23552820825545087,1.0,1,1.6859959547600787,-0.5595213851215495
1,1,1,1,1,1.3222977192078627,0.41948187190521186,-0.6431684258099022,-2.8057255568794965,1.0,0,1.382769204484781,-0.6895314214024906
1,1,0,1,0,-0.9650276234545689,-0.6601415692437526,-0.3148436268818189,-4.427727564951469,1.0,1,-1.1072862352113095,1.955600234318601
1,1,0,1,0,0.6978653816923931,-0.6601415692437526,-0.0423796444380275,0.23552820825545087,0.0,0,0.48542671317754815,-0.48548043664540486
1,1,2,1,0,-0.7356872553891718,-0.6601415692437526,-1.149335824157364,0.23552820825545087,1.0,0,-0.8876248543074055,-0.2966454863006006
1,0,0,0,0,-0.9236481686660111,-0.37280744427803114,0.5481489869673444,0.23552820825545087,1.0,1,-0.9880062988122171,1.92216530080242
1,1,0,1,0,-0.19237735183771115,0.14184133563667528,-0.8016307419592202,0.23552820825545087,1.0,0,-0.14494099275585712,-0.5360640716165769
1,1,2,1,0,-0.486709179966493,5.392858332901717,-0.8403913084993411,-2.8057255568794965,1.0,2,1.028691180403901,-0.6977366196699892
1,1,0,1,0,0.14637310007539836,-0.6601415692437526,-0.14612116076599818,0.23552820825545087,1.0,1,-0.042790613583215946,-0.36557640669702157
1,1,2,0,0,0.5519852698954433,0.37860723956541575,-0.6488685091246258,0.23552820825545087,1.0,1,0.6336365684479803,-0.6306193909440038
0,1,0,1,0,-0.15801136396246818,0.28619502731891994,4.530227190633299,0.23552820825545087,1.0,2,-0.0720116229695151,1.0740586175671467
1,1,0,1,0,4.176077406235694,1.8524366210665646,0.9950355188416801,0.23552820825545087,0.0,1,4.513313343403632,-0.6672801905031412
1,0,0,0,0,0.5012545258891321,-0.6601415692437526,-0.060619911045143166,0.23552820825545087,0.0,0,0.2971135415769536,-0.4474320265278131
1,1,1,1,0,-0.6099124154103913,1.9496956276616528,-0.4493655931092974,0.23552820825545087,1.0,1,-0.04373105986231519,-0.45574835676377956
0,0,0,1,0,-0.7373237310022787,-0.6601415692437526,1.3552807843322159,0.23552820825545087,0.0,0,-0.889192264772571,1.9934194640526517
1,1,1,1,0,-0.8018476266047757,0.11930374191572049,-0.9566730081197039,0.23552820825545087,0.0,0,-0.7349366834222146,-0.3168370755271176
1,1,0,0,0,2.3715123694397713,-0.6601415692437526,-0.9498329081420356,-2.8057255568794965,1.0,1,2.0884397874803504,-0.7557277114101791
1,1,1,1,0,-0.2749024791843831,-0.24824482951920565,2.1133918651904637,0.23552820825545087,1.0,1,-0.3321121938746884,0.6532277567205739
1,1,1,0,0,-0.8011462799134442,0.03222300345267649,-0.6283482091916206,0.23552820825545087,1.0,1,-0.7584030572435492,-0.06651489186989269
1,0,2,1,0,-0.8142380848182986,-0.6601415692437526,-0.22478231050918487,0.23552820825545087,0.0,1,-0.9628605566353481,0.85506303587
0,1,0,0,0,0.10592877420861578,-0.6601415692437526,-0.012739211201464486,0.23552820825545087,1.0,1,-0.0815280436508769,-0.3092931734071279
1,0,2,1,0,1.7143505196621656,-0.6601415692437526,-0.22478231050918487,0.23552820825545087,1.0,1,1.4590125278260444,-0.6369479800316131
1,1,1,1,0,-0.48647539773604914,-0.6601415692437526,-0.507506442919479,0.23552820825545087,1.0,0,-0.6489306320407778,-0.12775813324693033
1,1,0,1,0,-0.5329980615943714,-0.6601415692437526,-1.0740947244030115,0.23552820825545087,1.0,1,-0.6934898724076248,-0.4255447967889988
1,1,0,1,0,1.9394828075795734,-0.6601415692437526,-0.3467640934442714,0.23552820825545087,1.0,1,1.6746434246766657,-0.6673661838115806
1,0,0,1,0,-0.19331248075948648,-0.09161259215386022,-0.6819289923500231,0.23552820825545087,1.0,2,-0.210548316512069,-0.4762791373733062
1,1,0,0,0,-0.8034841022178825,3.276424800683021,0.3190056377154529,0.23552820825545087,1.0,1,0.13862595197065053,-0.3047228089486162
1,0,0,1,0,-0.4093272616895853,-0.6601415692437526,-0.2760830603416979,0.23552820825545087,0.0,0,-0.5750384243972627,-0.08109267904833241
1,1,2,1,0,-0.3628045978312632,-0.6601415692437526,-0.18260169398022985,0.23552820825545087,1.0,2,-0.5304791840304157,-0.07974527959259817
1,0,0,1,0,0.27355063343684183,-0.6601415692437526,0.11038258839656688,-5.2387285689874545,1.0,0,0.07901957113821503,-0.33812580192540254
0,1,2,1,0,-0.203598898899015,1.6274645833860657,0.3509261042779056,0.23552820825545087,1.0,2,0.25611456212383954,-0.337787232402333
1,1,2,0,0,-0.765611380885982,2.845464003187344,-0.5063664262565342,0.23552820825545087,0.0,0,0.05544123942651153,-0.49996508239115545
0,1,3,1,1,0.4916694544409351,1.6271414637628263,-0.4516456264351869,0.23552820825545087,0.0,0,0.9219505277261322,-0.6250805059890195
1,0,0,1,0,-0.6587729015731518,-0.6601415692437526,-0.8586315751064568,0.23552820825545087,1.0,0,-0.8139565624446282,-0.15531176577773748
0,1,3,1,0,-0.3342831657171159,-0.5741917494620468,-0.23846251046452188,0.23552820825545087,1.0,1,-0.47933681970987374,-0.1529524488061137
1,1,1,1,0,-0.1865327960766154,-0.6601415692437526,0.536748820337897,0.23552820825545087,1.0,1,-0.36164668535402056,0.07016014798708585
0,0,1,1,0,1.3265057993558516,-0.6601415692437526,-0.9840334080303775,0.23552820825545087,1.0,2,1.0875362475818273,-0.7239132516021223
1,1,0,1,0,-0.4016124480849389,-0.07303321381758923,1.1135972517879325,0.23552820825545087,1.0,2,-0.4049072141925876,0.35611039836556513
1,1,1,1,0,-0.4560837077783513,-0.6601415692437526,0.43984740398759464,0.23552820825545087,1.0,0,-0.6198215805448476,0.36405041864851273
1,1,0,1,0,0.4068065047898249,0.09999734442716066,-0.9110723416019145,0.23552820825545087,1.0,0,0.4173563158332191,-0.6609454293584557
0,0,0,1,0,1.757600232294274,-0.6601415692437526,0.605149820114581,0.23552820825545087,0.0,0,1.5004369472625603,-0.5288873734048589
1,1,1,1,0,-0.1865327960766154,-0.6601415692437526,0.536748820337897,0.23552820825545087,1.0,1,-0.36164668535402056,0.07016014798708585
1,1,1,0,0,0.10101934736929535,1.0821194392636073,-0.8688917250729594,0.23552820825545087,1.0,1,0.3967112808491825,-0.6493895014553032
1,1,1,1,0,0.6038849250539735,0.3073593626411069,-0.2703829770269742,0.23552820825545087,0.0,0,0.6635964999107149,-0.5615991360519064
1,1,2,1,1,-0.6735011820911131,-0.13886883705263645,-0.6830690090129679,0.23552820825545087,1.0,0,-0.6835704033209348,-0.19430979000273735
1,1,0,1,0,-0.6735011820911131,-0.6601415692437526,0.572089336889184,-0.7782230467895316,0.0,1,-0.8280632566311175,1.0028477313465947
1,1,3,1,0,-0.7546236160551221,0.028507127785422273,-0.3809645933326134,0.23552820825545087,1.0,1,-0.7148738294680966,0.03419629718109535
1,1,2,1,0,-0.3466736239306389,-0.6601415692437526,0.6849509865207124,0.23552820825545087,1.0,0,-0.515028995159499,0.31977270625499193
1,0,1,1,1,4.201793451584515,-0.20567381915740207,0.8810338525472068,2.2630307183454157,1.0,1,3.9674514531207183,-0.6570375313911322
1,1,2,1,0,-0.29360505761988953,-0.11608890361425198,-0.558807192751992,0.23552820825545087,1.0,2,-0.31339283460499784,-0.3910828672187342
0,0,0,1,0,-0.49722938033646535,-0.6601415692437526,-0.2806431269934769,0.23552820825545087,1.0,1,-0.6592307579547224,0.016590653110576153
1,0,0,1,0,-0.6699944486344557,-0.2330582072269493,-0.9806133580415434,0.23552820825545087,0.0,1,-0.7063202466439079,-0.35741209274656954
1,0,0,1,0,-0.16876534656288433,-0.5409104282683787,-1.045594307829393,-2.8057255568794965,0.0,2,-0.31157911678102057,-0.5766361848314341
1,1,1,0,0,-0.9439872227146243,-0.6601415692437526,-0.8871319916800752,0.23552820825545087,1.0,0,-1.0871338149448964,0.6802897417426653
1,1,0,1,0,0.24970484593157116,-0.32256234286428964,-0.02983946114563549,0.23552820825545087,0.0,1,0.14975456627332534,-0.39910807493637407
1,1,0,0,0,0.5805067020095904,0.23853488289109434,-0.8039107752851097,0.23552820825545087,1.0,1,0.6221272973180512,-0.6595877904034589
1,1,0,1,0,0.4666547557834453,-0.6601415692437526,-0.14498114410305352,0.23552820825545087,0.0,0,0.26397400602774074,-0.459247130972447
1,1,0,0,0,-0.6926713249875072,5.133312495534592,0.7670321862527334,0.23552820825545087,0.0,2,0.759477237222694,-0.38586897747359294
1,0,0,1,0,-0.7291413529367446,-0.6601415692437526,1.0417762020224142,0.23552820825545087,0.0,1,-0.8813552124467435,1.6592267742575124
1,1,3,1,0,-0.9449223516363996,-0.6601415692437526,-0.05605984439336449,0.23552820825545087,1.0,0,-1.0880294780678479,2.1593240020525464
1,1,2,1,0,0.29038295402879755,-0.3297517544813684,-0.8403913084993411,0.23552820825545087,1.0,2,0.18672306167315678,-0.6146472186874701
1,0,0,0,0,-0.6101461976408352,-0.6601415692437526,-1.2029166073157664,0.23552820825545087,1.0,2,-0.76738208005114,-0.4581396446241603
1,1,0,1,0,-0.712075250114345,-0.6601415692437526,-0.3251037768483216,0.23552820825545087,1.0,1,-0.865009360452875,0.385894557935995
0,1,1,1,0,-0.2975793555374346,-0.6601415692437526,-0.925892558220196,-2.8057255568794965,0.0,0,-0.46800668120453476,-0.47229956139834023
1,0,0,0,0,1.1044126804342134,0.7794371321940098,-0.9042322416242462,0.23552820825545087,1.0,0,1.2738565687338546,-0.7210113451389472
1,1,0,1,0,-0.3095022492900699,0.022367854943871838,0.11038258839656688,0.23552820825545087,1.0,1,-0.2902399428766965,-0.15291211904281335
1,0,1,1,0,0.26116017522331886,0.1905516188400292,-0.2567027770716375,0.23552820825545087,1.0,0,0.3029577434542135,-0.4947545751762585
1,0,3,1,0,-0.5474925598818887,-0.3152113714355911,0.7510719529715071,0.23552820825545087,0.0,1,-0.6117606124382824,0.5195273204398332
1,1,0,1,0,0.15245143806693792,0.48652919372740716,0.665570703250652,0.23552820825545087,0.0,0,0.28087964747345406,-0.2710842046549933
0,1,0,0,0,0.6366144373161097,1.813016027031346,-0.5382868928189867,0.23552820825545087,1.0,1,1.112301332931442,-0.6558590693141967
1,1,0,1,0,-0.23843245123514564,1.4098435171342656,-0.46418580972757895,2.2630307183454157,0.0,2,0.16242819946309195,-0.5143535942043705
1,1,0,1,0,-0.5163995232328594,-0.6601415692437526,-0.8084708419368886,-2.8057255568794965,1.0,2,-0.6775918519752322,-0.27614453781113585
0,0,3,1,0,-0.1521668082013724,1.526085801594674,-0.5211866428748156,0.23552820825545087,1.0,1,0.2772746034035734,-0.551945116262751
1,1,0,1,0,-0.552635768951653,-0.6601415692437526,0.29962535444539257,0.23552820825545087,1.0,2,-0.7122987979896105,0.4648137639306723
1,1,0,1,0,-0.23469193554804438,0.3567158850909398,-0.0640399610339775,0.23552820825545087,1.0,2,-0.12590815139313352,-0.3054469739615956
1,1,0,1,0,-0.9138293149873702,0.6683647617054331,1.2845997512296425,0.23552820825545087,0.0,2,-0.6899967862281132,1.0226962114027998
1,1,0,1,0,0.6978653816923931,-0.6601415692437526,-0.0423796444380275,0.23552820825545087,0.0,0,0.48542671317754815,-0.48548043664540486
1,0,0,1,0,-0.5718059118480471,-0.22813063297254707,-0.5063664262565342,0.23552820825545087,0.0,0,-0.6109097324714782,-0.16670077237546113
1,1,0,0,0,0.40376733579405505,-0.045810385559661694,0.772732269567457,-3.8194768119244786,0.0,1,0.3740286122604307,-0.2789870438290923
1,0,0,1,0,-0.6515256524293931,-0.6601415692437526,1.066856568607198,0.23552820825545087,1.0,0,-0.8070151732417526,1.3004931793974774
1,0,0,1,0,1.298451931702592,-0.26116961444878545,-0.48926617631236313,0.23552820825545087,1.0,1,1.1712583579997373,-0.6529197194411301
0,0,2,1,0,-0.4079245683069223,0.27714767786821404,-0.9110723416019145,0.23552820825545087,1.0,2,-0.3138854493226212,-0.524843164191343
1,1,0,1,0,-0.20640428566434096,0.06203078869651993,-0.6500085257875706,0.23552820825545087,0.0,0,-0.18049881873703957,-0.47546978954312225
1,1,0,1,0,-0.2777078659497091,-0.6601415692437526,-0.4402454598057396,0.23552820825545087,1.0,1,-0.44897383984181116,-0.2665712952874112
1,1,0,1,0,1.0258618510050863,-0.6601415692437526,-0.9486928914790907,0.23552820825545087,1.0,0,0.7995805535528564,-0.7010712571829076
0,0,1,1,0,1.442695567886435,1.3048296395814294,0.33610588765962396,0.23552820825545087,1.0,0,1.7434975272535775,-0.5872375385747702
1,1,1,1,0,0.25741965953621754,-0.6601415692437526,1.007575702134072,0.23552820825545087,0.0,2,0.06356938226729823,-0.08562270151269195
1,1,0,1,1,0.6085605696628501,-0.6601415692437526,0.5732293535521287,0.23552820825545087,1.0,1,0.399890884935661,-0.33160427228763023
1,0,0,0,0,0.9863526540600792,-0.009055528416169082,1.0144158021117404,0.23552820825545087,1.0,2,0.9422149058829143,-0.3818727310613123
0,1,0,1,0,-0.5795207254526935,-0.6601415692437526,0.8912940025137094,0.23552820825545087,1.0,1,-0.7380491127744718,0.9198699656365377
1,1,0,1,0,4.6600066232544215,-0.6601415692437526,1.1637579849575004,0.23552820825545087,1.0,1,4.280351365123894,-0.6485478311964765
1,1,0,1,0,-0.170635604406435,-0.19282981413363215,2.1806528483042027,0.23552820825545087,1.0,0,-0.21688513310695232,0.5171378304034053
1,0,0,0,0,1.282087175571524,-0.20583537896902188,-0.47786600968291576,0.23552820825545087,0.0,0,1.1709224843286306,-0.6511635742788703
1,1,0,1,0,0.39348091765452653,-0.15615573689594944,0.606289836777526,0.23552820825545087,0.0,1,0.33358942225916144,-0.30319670474417526
1,1,1,0,0,-0.2945401865416648,-0.23362366656761846,-0.2931833102858689,0.23552820825545087,1.0,1,-0.34686824382531756,-0.2706252193827804
1,1,0,1,0,-0.11429408686947197,0.21720898775728759,-0.31598364354476355,0.23552820825545087,1.0,2,-0.04926177964654189,-0.4140332215099834
1,0,0,1,0,-0.8960618654736391,0.4748161073849754,-0.1803216606543402,0.23552820825545087,1.0,1,-0.7266294079568376,0.18350997628674365
1,1,0,1,0,-0.5007361137931228,1.3554786405242203,1.102197085158485,0.23552820825545087,0.0,1,-0.10387483856852182,0.05030200228235601
1,1,1,1,1,0.5381921182992573,-0.6601415692437526,-0.22478231050918487,0.23552820825545087,1.0,0,0.3324922349335457,-0.493749122067376
1,1,1,1,0,-0.1865327960766154,-0.6601415692437526,0.536748820337897,0.23552820825545087,1.0,1,-0.36164668535402056,0.07016014798708585
1,1,0,1,0,-0.7735599767210722,-0.6601415692437526,-0.12560086083299318,0.23552820825545087,1.0,1,-0.9238992107869493,0.7778072748600641
1,1,0,1,0,0.5063977349588964,-0.6601415692437526,-0.8438113584881753,0.23552820825545087,1.0,1,0.30203968875318793,-0.6319907280487203
1,0,0,1,0,0.04397648314100086,-0.6601415692437526,1.6209046667983389,0.23552820825545087,1.0,2,-0.14086572554642693,0.24669955863737614
1,1,0,1,0,-0.9858342419640698,2.103258228606223,-0.9065122749501358,0.23552820825545087,1.0,2,-0.3612212453706186,-0.506901074312472
1,1,0,0,0,1.203770128372841,-0.6601415692437526,1.4145616508053418,-2.8057255568794965,0.0,0,0.969980462694417,-0.3214279174318583
0,1,0,1,1,-0.20640428566434096,-0.13571842072605128,0.07618208850822486,0.23552820825545087,1.0,0,-0.23531340186168356,-0.2006469414357367
1,1,3,0,0,-0.5750788630742607,-0.16875740220228977,-1.1196953909208007,0.23552820825545087,1.0,1,-0.5975867435175717,-0.5071188009797012
1,1,0,0,0,-0.13743852768341114,-0.6601415692437526,-0.764010192082044,-2.8057255568794965,0.0,1,-0.3146243713990564,-0.4686252116950837
1,1,0,1,0,1.8915574503385886,2.0235284615718774,0.8867339358619304,-2.8057255568794965,0.0,0,2.372633696392924,-0.5750790309786074
1,1,2,1,0,-0.5009698960235667,-0.6601415692437526,-0.5109264929083132,0.23552820825545087,1.0,0,-0.6628134104465292,-0.114148377314369
1,1,0,0,0,-0.9458574805581749,-0.6601415692437526,-0.22478231050918487,0.23552820825545087,1.0,0,-1.0889251411907996,1.8718613800454462
0,1,0,1,0,-0.9930814911078285,0.13610596232417432,-0.9315926415349197,0.23552820825545087,1.0,2,-0.9134423438264881,-0.048626660153076644
1,0,1,1,1,-0.2045340278207903,-0.6601415692437526,-0.7902305753297728,0.23552820825545087,1.0,1,-0.37888820047084076,-0.45307377207185334
1,0,0,1,1,-0.5495965999558833,-0.6601415692437526,-0.22478231050918487,-5.2387285689874545,0.0,2,-0.7093878928400175,0.1252408189663165
1,0,2,1,0,-0.4212501554422206,-0.6601415692437526,0.08416220514883788,-1.791974301834514,1.0,1,-0.5864581292148968,0.12052180553703268
0,1,0,1,0,0.957831221945932,-0.6601415692437526,-0.5451269927966551,-2.8057255568794965,0.0,0,0.7344210613581204,-0.6220901453603187
0,0,3,0,1,-0.7384926421544978,-0.6601415692437526,-0.8084708419368886,0.23552820825545087,1.0,0,-0.8903118436762606,0.01918303776698859
1,1,3,1,1,0.7011383329186067,-0.6601415692437526,-0.5918676759773891,0.23552820825545087,1.0,2,0.4885615341078791,-0.6013225614142674
1,1,0,1,0,-0.294306404311221,-0.6601415692437526,-0.925892558220196,0.23552820825545087,0.0,0,-0.4648718602742038,-0.4736969980090488
1,1,1,1,0,-0.5640910982434006,-0.1329719039285156,-0.22478231050918487,0.23552820825545087,1.0,2,-0.5771432327361993,-0.05224628468998054
1,1,0,1,0,1.7903297445564101,-0.6601415692437526,-1.2519373238223899,0.23552820825545087,1.0,1,1.5317851565658698,-0.7782960920158541
1,1,0,1,0,-0.19565030306392478,7.630623283646843,-0.30800352690415056,0.23552820825545087,1.0,0,1.9277578232228156,-0.6767488128149002
1,1,0,1,0,-0.2169244860343133,-0.6601415692437526,-0.9395727581755329,0.23552820825545087,0.0,0,-0.3907557368499508,-0.5095716265575663
1,0,0,0,0,-0.8493054193848731,-0.6601415692437526,-0.08228022764109318,-2.8057255568794965,1.0,2,-0.9964479237460369,1.219564200946639
1,0,0,1,0,-1.0169272786130992,-0.6601415692437526,-1.2781577070701189,0.23552820825545087,1.0,0,-1.1569955385351287,0.3992153020829435
1,1,0,1,0,1.2776453131930912,-0.6601415692437526,0.8810338525472068,-0.7782230467895316,1.0,1,1.0407378494076012,-0.42271284167150636
1,0,1,1,1,-0.4100286083809168,0.17423407786643483,-0.22478231050918487,0.23552820825545087,0.0,0,-0.34442756181527423,-0.245242602135858
1,0,1,1,0,-0.7464412379895881,-0.07537583108607555,3.123446628559498,0.23552820825545087,1.0,0,-0.7358323465451664,2.3973555551109915
1,1,2,1,0,0.1655432429717924,-0.6601415692437526,-1.4662604564559998,-2.8057255568794965,1.0,0,-0.024429519562706132,-0.7606197498850782
0,0,1,1,0,0.40540381140716186,-0.3211083045597119,-0.2954633436117584,-2.8057255568794965,1.0,0,0.29928552465011143,-0.503040619641788
1,1,3,1,0,0.47086283593143424,0.33345127221769616,1.8534680660390643,0.23552820825545087,1.0,2,0.5434209003886706,-0.11109856771821922
1,1,0,1,0,1.4464360835735364,-0.6601415692437526,2.6822601799998855,-2.8057255568794965,1.0,1,1.2024050431003828,-0.18004301934579012
1,1,0,0,0,0.34111369803510866,0.5767603485170363,-0.6500085257875706,0.23552820825545087,0.0,1,0.4865910752373853,-0.61325841618152
1,0,1,1,0,-0.6646174573342476,-0.057281132184663824,-0.20996209389090353,0.23552820825545087,1.0,0,-0.6524461097983631,0.048512359264555924
0,0,2,1,0,-0.9376751024926409,-0.6601415692437526,0.7419518196679491,0.23552820825545087,1.0,2,-1.0810880888649723,3.4330068516773724
1,1,1,1,0,-0.6491878301249547,2.819614433328184,0.6940711198242704,0.23552820825545087,1.0,0,0.1597859932503844,-0.21619047319717305
0,1,0,1,0,0.5367894249165943,-0.6601415692437526,-0.39692482661383977,0.23552820825545087,1.0,2,0.3311487402491181,-0.5330378747740594
0,1,1,0,1,-0.9769505172072043,0.020994596545104036,-0.8951121083206883,0.23552820825545087,0.0,1,-0.9299001537107257,0.023790616556199354
1,0,0,1,0,-0.24427700699624139,-0.6601415692437526,-1.106015190965464,0.23552820825545087,0.0,1,-0.41695388319628796,-0.5703333173414419
1,1,2,0,0,0.9316476121362229,3.1075947975403846,-0.9669331580862066,0.23552820825545087,1.0,2,1.7537304784333008,-0.7481054126256016
1,1,3,1,1,1.1037113337428817,-0.6601415692437526,-0.9304526248719751,0.23552820825545087,1.0,1,0.8741445085385853,-0.702842138070926
1,1,0,1,0,-0.46262961023077853,-0.6601415692437526,2.4189163308596524,0.23552820825545087,0.0,1,-0.6260912224055095,1.4769787951132738
0,0,1,1,0,-0.030366266140137044,-0.6601415692437526,-0.4003448766026739,0.23552820825545087,0.0,1,-0.21207094382108693,-0.3786876633301282
1,1,2,1,0,-0.7976395464567868,-0.6601415692437526,0.8730537359065934,0.23552820825545087,0.0,0,-0.9469625362029555,1.9456079330724814
1,1,1,1,0,1.7145843018926092,-0.6601415692437526,-0.35018414343310555,0.23552820825545087,0.0,0,1.4592364436067822,-0.6540071908717486
0,1,0,1,0,1.093658697833797,-0.6601415692437526,-0.6146680092362838,0.23552820825545087,1.0,2,0.8645161299668546,-0.647502956660654
1,0,2,1,0,-0.4455635074083789,-0.6601415692437526,-0.9087923082760251,0.23552820825545087,0.0,1,-0.609745370411641,-0.3865534311573398
1,1,1,1,0,4.141477636130007,-0.6601415692437526,-0.6728088590464654,0.23552820825545087,1.0,1,3.783706163447178,-0.7648724346838081
1,0,2,1,0,-0.26414849658396694,-0.6601415692437526,1.5479436003698757,0.23552820825545087,0.0,1,-0.43598672455901155,0.5878771427573987
1,0,3,1,0,0.6782276743351113,-0.6601415692437526,0.26086478790527157,0.23552820825545087,1.0,1,0.4666177875955625,-0.41728593455651414
0,1,0,1,1,-0.2781754304105967,0.5191642756745963,-0.9635131080973723,0.23552820825545087,1.0,0,-0.12252702310399098,-0.593499064171666
1,1,0,1,0,-1.048955444183904,-0.11956243956407651,-0.4938262429641421,0.23552820825545087,1.0,1,-1.0378275600264053,0.9564018655874923
1,1,1,1,0,-0.5189711277677416,-0.6601415692437526,0.3235657043672319,2.2630307183454157,1.0,1,-0.6800549255633493,0.41116637962270414
1,1,0,0,0,1.7274423245670198,0.655036077246804,-0.08000019431520383,0.23552820825545087,1.0,2,1.8361090941667833,-0.6445863247637323
1,0,1,1,1,-0.3887544254105283,-0.6601415692437526,-0.9635131080973723,0.23552820825545087,1.0,0,-0.5553338356923253,-0.4475907563357847
1,1,3,1,0,2.2548550364483,0.8774231579413868,0.3509261042779056,0.23552820825545087,0.0,0,2.402907109948692,-0.6315395809858811
1,1,0,1,0,-0.7967044175350114,-0.6601415692437526,0.6416303533288127,0.23552820825545087,1.0,0,-0.9460668730800038,1.6931272967990634
1,0,0,1,1,-0.699684791900822,-0.6601415692437526,-1.1744161907421482,0.23552820825545087,0.0,0,-0.853141824073765,-0.3600118963566528
0,1,0,1,0,1.4331104964382382,-0.6601415692437526,2.123652015156966,0.23552820825545087,1.0,2,1.189641843598321,-0.26077451047288824
1,0,2,1,0,1.3283760571994023,-0.6601415692437526,0.6689907532394863,0.23552820825545087,1.0,1,1.0893275738277308,-0.4645691833992595
1,0,0,0,0,-0.9977571357167051,-0.6601415692437526,0.5641092202485707,0.23552820825545087,0.0,0,-1.1386344445146188,4.547762658909644
0,0,0,1,0,-0.5947165704315424,-0.6601415692437526,-0.11762074419237985,0.23552820825545087,1.0,2,-0.752603638522437,0.2752942822058575
1,1,0,1,0,-0.918271177365803,-0.6601415692437526,-0.8631916417582357,0.23552820825545087,1.0,1,-1.0625030790637247,0.5597696047525538
1,0,2,1,0,0.18611607925084944,1.5321442945304147,1.5399634837292626,0.23552820825545087,1.0,0,0.6029601064868847,-0.19582794336385237
1,1,1,0,0,-0.8546824106850812,-0.15235908132288534,-0.7526100254525967,0.23552820825545087,1.0,0,-0.8608445269311497,0.00891888666658429
1,1,2,0,0,-0.2678890122710682,-0.06883265871547575,-0.4254252431874581,0.23552820825545087,1.0,0,-0.2756630255506575,-0.35894760017350624
0,1,1,1,0,0.14169745546652177,-0.6601415692437526,-0.13472099413655086,0.23552820825545087,1.0,1,-0.04726892919797444,-0.36045110410872905
0,1,0,1,1,-0.39670302124561846,-0.6601415692437526,-0.7776903920373807,0.23552820825545087,1.0,1,-0.5629469722374147,-0.34891510539157033
1,0,1,1,1,-0.8528121528415306,-0.07287165400596944,-0.4026249099285634,0.23552820825545087,1.0,1,-0.8370198878606345,0.24862728660500616
1,1,2,1,0,-0.772624847799297,2.5353499447832384,-1.1687161074274244,0.23552820825545087,1.0,2,-0.037237502220915375,-0.6713976665097067
1,1,0,1,0,0.034625193923247664,-0.6601415692437526,1.6904456832379673,0.23552820825545087,1.0,1,-0.1498223567759439,0.27787533246935153
1,0,0,1,0,1.2315902137956567,-0.45391046971114446,-0.3319438768259899,0.23552820825545087,0.0,1,1.053792139424622,-0.6182977066221981
0,1,1,1,0,-0.2746686969539393,1.0562698694044477,-0.5052264095935894,0.23552820825545087,1.0,2,0.02971331621972408,-0.4929770716430463
1,1,0,1,0,-0.8511756772284238,-0.6601415692437526,-0.05833987771925383,0.23552820825545087,0.0,1,-0.9982392499919402,1.2616138014561669
1,0,0,1,0,-0.25830394082287117,0.1903900590284096,1.5365434337404282,0.23552820825545087,1.0,1,-0.1946279045016027,0.2711617427384127
1,1,0,1,0,-0.55123307556899,-0.2777294951398096,-0.9042322416242462,0.23552820825545087,1.0,0,-0.6049535727038494,-0.38725052927884435
1,1,2,1,0,-0.613185366636605,0.6066489136666896,-0.4584857264128553,0.23552820825545087,1.0,0,-0.41914825784751963,-0.2939125936420376
1,1,2,1,0,0.6218861567981484,0.23312262920183277,-0.5850275759997208,0.23552820825545087,1.0,1,0.6602601547777195,-0.621310609450479
1,0,0,1,0,-0.5381412706641355,0.37755710078988725,-1.1436357408426403,0.23552820825545087,1.0,1,-0.41077380764792126,-0.5881080122918552
1,1,0,1,0,0.17138779873288815,-0.6601415692437526,-0.7013092756200836,0.23552820825545087,1.0,0,-0.018831625044258015,-0.5370572703428365
1,0,2,1,1,-0.09676041958618473,-0.6601415692437526,0.034001471979269525,0.23552820825545087,1.0,1,-0.2756630255506575,-0.19072390712760723
1,1,0,0,0,-1.0389028082748193,-0.6601415692437526,-1.0205139412446091,0.23552820825545087,1.0,1,-1.1780436219244936,1.4089997819736026
1,1,0,1,0,0.16367298512824177,1.216214082907998,3.0299652621980293,0.23552820825545087,1.0,0,0.49389072968944175,0.15509977254782714
1,1,0,0,0,0.8654872409206191,1.1529634166588665,0.5869095535074653,0.23552820825545087,0.0,2,1.1485532978329118,-0.48632896601621506
1,0,1,0,0,-0.5332318438248151,-0.2889579020473821,-0.8483714251399542,2.2630307183454157,1.0,1,-0.5908244869392864,-0.3668149178615024
1,1,1,1,0,-0.8427595169324459,-0.6601415692437526,-0.3330838934889346,0.23552820825545087,0.0,0,-0.9901782818853749,0.873869838961916
1,0,1,1,1,-0.2045340278207903,-0.6601415692437526,-0.7902305753297728,0.23552820825545087,1.0,1,-0.37888820047084076,-0.45307377207185334
0,0,0,1,1,-0.5446871731165628,0.07091657833560605,-0.754890058778486,0.23552820825545087,1.0,2,-0.5020418798766993,-0.37603427837229336
1,1,1,1,1,0.2006105775383669,-0.6601415692437526,-0.9703532080750408,0.23552820825545087,1.0,0,0.009157847547982559,-0.6207049191955629
1,0,1,1,1,0.7815594201912842,1.4699437670568116,-0.857491558443512,0.23552820825545087,0.0,2,1.1560320849095584,-0.7079537843221992
1,1,0,1,0,4.6600066232544215,-0.6601415692437526,1.1637579849575004,0.23552820825545087,1.0,1,4.280351365123894,-0.6485478311964765
1,0,0,1,0,-0.9075171947653868,-0.006955250865112343,-1.199496557326932,0.23552820825545087,0.0,2,-0.8711446528450942,-0.3616055657958683
1,0,0,1,0,-1.0272136967526277,-0.4325845745773379,2.6161392135490917,0.23552820825545087,1.0,1,-1.103770757453724,7.516161814280799
1,1,0,1,0,-0.6742025287824446,-0.6601415692437526,-0.6819289923500231,0.23552820825545087,1.0,0,-0.8287350039733313,0.007008984964030035
1,0,0,0,0,-1.0230056166046388,0.893417579291742,0.043121605282827526,0.23552820825545087,0.0,0,-0.7321825193191382,0.34120751750899214
1,1,0,1,0,-0.3118400715945082,0.013158945681546234,-0.9213324915684172,0.23552820825545087,1.0,1,-0.295031740584488,-0.534670026952851
1,0,0,0,0,-0.26742144781018057,-0.6601415692437526,-0.3376439601407136,0.23552820825545087,0.0,2,-0.43912154548934246,-0.2284823424182418
1,0,1,0,0,-0.09231855720775196,0.5303926825821687,-0.746909942137873,0.23552820825545087,0.0,2,0.05859845193491635,-0.5671672324096156
1,0,2,1,0,-0.6061718997232901,0.3486378945099524,-0.47558597635702626,0.23552820825545087,1.0,0,-0.4839494847930749,-0.25803841538956795
0,1,3,0,0,-0.3373223347128857,0.22108642323616168,-0.22478231050918487,0.23552820825545087,1.0,2,-0.2618026387229801,-0.2929448914626775
1,1,2,1,0,-0.7041266542792548,2.049378031431037,1.5114630671556442,0.23552820825545087,1.0,1,-0.10633791215663899,0.18074132335426052
1,0,1,0,0,0.1849471680986303,0.8969718951473762,-0.5120665095712578,0.23552820825545087,1.0,0,0.42577554918896515,-0.5751355396922435
0,1,2,1,1,-0.8376163078626817,-0.6601415692437526,0.4843080538424393,0.23552820825545087,1.0,1,-0.9852521347091405,1.8217896623390473
1,1,0,0,0,0.10172069406062685,-0.4636848383141393,-1.110575257617243,0.23552820825545087,1.0,2,-0.031102209828696326,-0.6550499289935237
1,0,3,1,0,-0.316281933972941,-0.6601415692437526,0.5048283537754447,0.23552820825545087,0.0,0,-0.4859199436635687,0.19513017600469265
1,1,2,1,1,-0.9589492854630294,-0.16382982794788745,0.02716137200160119,-2.8057255568794965,1.0,1,-0.9638905692267427,1.1416340937459384
1,0,0,1,0,-1.0613459023974268,-0.10284099906143267,-0.20426201057617988,0.23552820825545087,0.0,1,-1.0450600397442402,1.4340403604447227
1,0,0,1,0,-0.7969381997654552,1.5548434480629891,-0.9019522082983568,0.23552820825545087,1.0,1,-0.33231371807735244,-0.5152199861966236
1,1,0,1,0,-0.9089198881480498,-0.2885540025183327,0.08530222181178254,0.23552820825545087,1.0,2,-0.9505451886947622,1.1281544838518844
1,0,2,1,1,-0.10774818441704474,1.2895622373833633,-0.09824046092231951,0.23552820825545087,0.0,2,0.2542560611437149,-0.4455602763750209
1,1,0,1,1,-0.8612283131375085,-0.23459302543733698,0.6382103033399783,0.23552820825545087,1.0,0,-0.8899087952709323,1.3421912363979183
0,0,2,0,0,-0.28495511509346777,2.3535951567110223,-0.22022224385740588,0.23552820825545087,1.0,0,0.3794697657323623,-0.5025417970949463
1,1,2,1,0,-0.5009698960235667,-0.6601415692437526,-0.5109264929083132,0.23552820825545087,1.0,0,-0.6628134104465292,-0.114148377314369
1,1,0,1,0,-0.406989439385147,-0.6601415692437526,1.0725566519219218,0.23552820825545087,1.0,0,-0.5727992665898834,0.612251802157271
1,0,0,1,0,-0.5236467723766182,0.30630922386557863,-0.7058693422718625,0.23552820825545087,1.0,1,-0.41664040110325484,-0.40052036426790705
1,0,0,1,0,-0.6290825583067854,-0.6601415692437526,1.3039800344997028,0.23552820825545087,0.0,0,-0.7855192582909118,1.3837422883072865
1,0,0,1,0,-0.8249920674187149,0.2623649551050071,-0.6169480425621733,0.23552820825545087,0.0,1,-0.7174488609465828,-0.1138953855092456
1,1,0,0,0,-0.7628059941206561,0.9782364803921095,-0.9190524582425277,0.23552820825545087,0.0,2,-0.4594530983803461,-0.47303552462375764
1,0,0,1,0,-0.49793072702779684,-0.6601415692437526,1.978869898962985,0.23552820825545087,0.0,2,-0.6599025052969362,1.341765327252681
1,1,3,1,0,0.9891580408254051,-0.02706944741177092,-0.3319438768259899,0.23552820825545087,0.0,1,0.9399085733413138,-0.606799235756549
0,1,3,1,0,0.057535852506743,-0.6601415692437526,-0.2749430436787532,0.23552820825545087,1.0,1,-0.1278786102636273,-0.3720251658287211
1,0,2,1,0,-0.5851314989833454,0.6350834405117652,0.43186728734698165,0.23552820825545087,1.0,0,-0.3843965286769937,0.04992777000714209
1,1,0,1,0,0.8631494186161808,1.8766705928095266,-0.41858514320978957,0.23552820825545087,1.0,0,1.3469202879886393,-0.6556167897546009
1,1,0,1,0,0.13094347286610558,-0.6601415692437526,-0.44138547646868426,0.23552820825545087,1.0,1,-0.05756905511191897,-0.449009214082459
1,1,0,0,1,0.12977456171388643,1.5531470700409817,-0.605547875932726,0.23552820825545087,0.0,1,0.5548182136282309,-0.6127738518354816
1,1,2,1,0,-0.7195562814885476,0.40970750330221717,0.07732210517116954,0.23552820825545087,1.0,2,-0.5756206054271813,0.10253564845491332
0,1,2,0,0,0.7095544932145845,0.06065753029775204,-0.4254252431874581,0.23552820825545087,1.0,1,0.6964225533668944,-0.5953731371373667
1,1,0,0,0,-0.5294913281377138,-0.14403875102446834,-0.0936803942705405,0.23552820825545087,1.0,1,-0.5470713433830959,-0.01858415604590659
1,1,3,0,0,-0.5750788630742607,-0.16875740220228977,-1.1196953909208007,0.23552820825545087,1.0,1,-0.5975867435175717,-0.5071188009797012
1,0,0,1,1,-1.0244083099873018,1.834018802541913,-0.49154620963825263,2.2630307183454157,1.0,1,-0.47279847891232635,-0.273183911928151
1,0,1,0,0,0.5580636078869828,0.0347271805327826,0.46606778723532366,0.23552820825545087,0.0,2,0.5441374308870321,-0.39351564147217716
1,0,0,1,0,0.9716243735421178,-0.6601415692437526,-1.1048751743025194,0.23552820825545087,1.0,0,0.7476320924216578,-0.7260371523625383
1,0,0,1,0,0.5877539511533492,0.6312867849387012,-0.02983946114563549,0.23552820825545087,1.0,2,0.7379365391157059,-0.5276548840459591
0,1,0,1,0,-0.7765991457168421,0.47368518870363713,-1.247377257170611,0.23552820825545087,1.0,1,-0.6125219260927913,-0.5694596343573273
0,0,0,1,0,0.3196057328342763,0.16849870455393368,1.0315160520559115,-2.8057255568794965,1.0,1,0.35282378782454926,-0.21301416466874143
1,0,1,1,1,-0.3887544254105283,-0.6601415692437526,-0.9635131080973723,0.23552820825545087,1.0,0,-0.5553338356923253,-0.4475907563357847
1,0,0,1,0,1.0020160634998159,-0.6601415692437526,1.1398176350356612,2.2630307183454157,0.0,1,0.7767411439175881,-0.32236671807036577
0,1,1,0,0,0.058938545889405974,-0.515060858409219,-0.28178314365642154,0.23552820825545087,1.0,1,-0.08631984135866841,-0.390319434104225
1,1,0,1,0,1.1553772066709682,-0.6601415692437526,-1.2393971405299977,0.23552820825545087,0.0,1,0.9236298960816666,-0.7580944398397824
1,1,1,1,1,0.2006105775383669,-0.6601415692437526,-0.9703532080750408,0.23552820825545087,1.0,0,0.009157847547982559,-0.6207049191955629
1,1,0,1,0,-0.5519344222603215,-0.6601415692437526,0.5698093035632943,2.2630307183454157,1.0,0,-0.7116270506473967,0.6355988948628085
1,1,0,1,0,0.1669459363544554,-0.6601415692437526,0.010061122057430186,0.23552820825545087,0.0,2,-0.023086024878278582,-0.3270951902327083
1,1,2,1,0,1.4541508971781827,-0.37733111900338406,-0.720689558890144,0.23552820825545087,1.0,2,1.2881871787010817,-0.6951021603634904
1,0,0,1,1,0.3343340133522376,0.04232049167891072,1.4168416841312312,-2.8057255568794965,1.0,0,0.33195483705977474,-0.1163908905120855
1,1,0,0,0,-0.48647539773604914,0.47408908823268653,0.27226495453471894,0.23552820825545087,0.0,0,-0.3345304843066578,-0.0582870415492862
1,1,0,0,0,-0.9458574805581749,-0.6601415692437526,-0.22478231050918487,0.23552820825545087,1.0,0,-1.0889251411907996,1.8718613800454462
0,0,0,1,0,0.10101934736929535,3.4153662386760044,-1.0820748410436245,0.23552820825545087,1.0,1,1.043469621932604,-0.7373352352901272
1,0,1,1,0,-0.4189123331377823,3.172945741340573,-0.3273838101742109,0.23552820825545087,1.0,2,0.47828379977200847,-0.5441415465431279
1,0,0,1,0,1.3475462000957963,-0.6601415692437526,-0.7742703420485465,0.23552820825545087,1.0,0,1.1076886678482407,-0.6922517895110666
1,1,0,1,0,-0.5654937916260637,-0.6601415692437526,0.2779650378494426,-4.427727564951469,1.0,1,-0.7246141659301963,0.4787306558775301
1,0,3,1,0,0.5601676479609773,0.5849191190038335,-0.729809692193702,-0.7782230467895316,0.0,2,0.6986617111742736,-0.6527632856990293
0,1,0,1,0,0.6539143223689531,2.6570852628387183,-0.9737732580638749,0.23552820825545087,1.0,2,1.3628406999991056,-0.734928702011246
1,0,2,1,0,-0.7957692886132361,0.20525356169742628,-0.14498114410305352,0.23552820825545087,1.0,1,-0.7052902340525135,0.1688976420976219
1,1,0,0,0,-0.7628059941206561,0.9782364803921095,-0.9190524582425277,0.23552820825545087,0.0,2,-0.4594530983803461,-0.47303552462375764
0,0,3,1,0,-0.6540972569642752,-0.6601415692437526,1.265219467959582,0.23552820825545087,1.0,0,-0.8094782468298698,1.4630069842495996
1,0,1,1,0,-0.9626898011501307,0.4913759880759996,0.38284657084035795,0.23552820825545087,1.0,0,-0.7858551319620187,0.712986368086581
1,1,0,1,0,0.40306598910272357,-0.6601415692437526,0.3190056377154529,0.23552820825545087,1.0,0,0.20306891366702526,-0.32786749361806405
1,1,3,1,0,-0.2999171778418729,-0.6601415692437526,-0.3148436268818189,0.23552820825545087,1.0,1,-0.470245839011914,-0.19506092632700966
1,0,1,1,0,-0.2099110191209984,0.3764261821085491,2.6674399633816046,0.23552820825545087,0.0,0,-0.09670953358490823,0.53283979665151
0,1,0,1,0,0.1328137307096562,-0.6601415692437526,-0.22478231050918487,0.23552820825545087,1.0,1,-0.05577772886601558,-0.3842877280271833
1,1,0,0,0,0.2506399748533465,0.3499303730029105,-0.03097947780858016,0.23552820825545087,1.0,1,0.3370601168605993,-0.4503311287032603
1,0,0,1,0,1.0020160634998159,-0.6601415692437526,1.1398176350356612,2.2630307183454157,0.0,1,0.7767411439175881,-0.32236671807036577
0,0,0,1,0,2.206462114746427,2.083467151682804,-0.5576671760890471,0.23552820825545087,1.0,2,2.690862803977663,-0.7322698328204937
1,1,0,1,0,0.10966928989571706,0.2113928345389768,0.9847753688751775,-0.7782230467895316,1.0,2,0.16363734467907665,-0.14335628118030092
1,0,2,1,0,-0.4455635074083789,-0.6601415692437526,-0.9087923082760251,0.23552820825545087,0.0,1,-0.609745370411641,-0.3865534311573398
0,0,0,1,0,-0.911257710452488,-0.6601415692437526,0.931194585716775,0.23552820825545087,1.0,0,-1.0557856056415869,3.2801405621600033
1,1,0,1,0,-0.05000397349741875,0.009685409731721694,0.35206612094085027,0.23552820825545087,1.0,2,-0.045208904015185576,-0.21574936601598177
1,1,0,1,1,0.20341596430369285,0.23069923202753656,-0.0058991112237961486,0.23552820825545087,1.0,1,0.2587791599146209,-0.42450161883507476
1,0,0,0,0,0.5012545258891321,-0.6601415692437526,-0.060619911045143166,0.23552820825545087,0.0,0,0.2971135415769536,-0.4474320265278131
1,1,0,0,0,-0.13276288307453454,0.09466587064370896,-0.9703532080750408,0.23552820825545087,0.0,1,-0.10091915026278125,-0.6001615555534243
1,0,0,1,0,-0.3812733940363257,0.5329776395680846,0.639350320002923,-4.427727564951469,0.0,0,-0.21744492255879713,-0.016160275536614248
1,0,0,1,1,0.5255678778552905,-0.6601415692437526,-0.5747674260332182,0.23552820825545087,1.0,0,0.32040078277369777,-0.5721314891026374
1,0,1,1,1,-0.2045340278207903,-0.6601415692437526,-0.7902305753297728,0.23552820825545087,1.0,1,-0.37888820047084076,-0.45307377207185334
1,0,0,0,0,-0.7275048773236378,2.4553778380314633,0.716871453083165,0.23552820825545087,0.0,1,-0.016189418831550464,-0.12339218746568707
1,0,1,1,0,-0.01587176785261959,-0.6601415692437526,3.032245295523919,0.23552820825545087,1.0,0,-0.19818816541533563,0.7839113483187524
0,1,0,1,0,-0.38337743411032016,-0.3730497839954608,-0.9874534580192117,0.23552820825545087,1.0,2,-0.47060410426109467,-0.49897525050827485
1,1,1,1,0,-0.7239981438669804,-0.6601415692437526,-0.26582291037519523,0.23552820825545087,1.0,0,-0.8764290652705092,0.4716134573186655
1,1,2,0,0,-0.7130103790361203,-0.6601415692437526,0.3623262709073529,0.23552820825545087,1.0,1,-0.8659050235758268,0.9826877007474035
1,0,2,0,0,-0.38781929648875296,-0.6601415692437526,-0.891692058331854,0.23552820825545087,1.0,0,-0.5544381725693737,-0.41193167160877137
0,1,0,1,0,-1.0814511742155963,-0.2612503943545953,0.7316916697014467,-2.8057255568794965,1.0,1,-1.1082266814904087,4.019393914537792
1,1,0,1,0,-0.7218941037929859,-0.6601415692437526,-0.969213191412096,0.23552820825545087,1.0,1,-0.8744138232438678,-0.154840441561187
1,0,0,1,0,0.7649608818297723,0.40486070895362475,-0.3878046933102819,0.23552820825545087,1.0,0,0.8449011075742122,-0.6060385832446676
1,1,2,0,0,0.6908519147790781,-0.10057916169875615,-1.01595387459283,0.23552820825545087,1.0,1,0.633815701072571,-0.7018247642000371
1,1,1,0,0,0.6244577613330304,0.11930374191572049,-1.054714441132951,0.23552820825545087,1.0,1,0.6311734948598632,-0.7091564081887121
0,0,3,0,1,-0.7384926421544978,-0.6601415692437526,-0.8084708419368886,0.23552820825545087,1.0,0,-0.8903118436762606,0.01918303776698859
0,0,0,1,0,-0.911257710452488,-0.6601415692437526,0.931194585716775,0.23552820825545087,1.0,0,-1.0557856056415869,3.2801405621600033
0,1,2,1,0,-0.5040090650193364,-0.6601415692437526,1.1033371018214297,0.23552820825545087,0.0,0,-0.6657243155961222,0.8439924789578293
1,1,1,0,1,0.08184920447290131,-0.6601415692437526,-1.1288155242243587,0.23552820825545087,0.0,0,-0.10459136906688314,-0.6491275283633274
0,1,0,0,0,0.28313570488503886,-0.37369602324193973,-0.08342024430403784,0.23552820825545087,0.0,2,0.1676006539981381,-0.41821643615043613
1,1,0,1,1,-0.7417655933807115,-0.6601415692437526,-0.16892149402489287,0.23552820825545087,0.0,1,-0.8934466646065915,0.6161971754295501
1,1,0,1,0,0.02971576708392724,-0.30939521821728017,-0.12218081084415885,-0.7782230467895316,1.0,1,-0.057300356175033505,-0.3527585952851335
1,0,0,1,0,-0.6005611261926381,-0.6601415692437526,-0.9555329914567592,0.23552820825545087,1.0,0,-0.758201533040885,-0.29337783177736504
0,1,0,1,0,-0.46426608584388535,1.8466204678482534,1.1170173017767664,0.23552820825545087,0.0,2,0.06719681791525257,-0.057615429136305026
1,1,0,1,0,0.3827269350541104,-0.6601415692437526,-0.1985619272614562,0.23552820825545087,1.0,2,0.18358824074282581,-0.4519165690253662
0,0,0,0,0,-0.1792855469328567,0.2180167868153863,-0.22478231050918487,0.23552820825545087,1.0,1,-0.111286450910947,-0.3627946266247436
1,1,2,1,0,-0.59518413489243,-0.6601415692437526,1.0109957521229065,0.23552820825545087,1.0,0,-0.7530514700839128,1.050407363920049
0,1,2,0,0,-0.7997435865307813,-0.05816971114857236,-0.22478231050918487,0.23552820825545087,0.0,1,-0.7821157384236954,0.26150979137371627
1,0,0,1,0,3.7424113687623897,0.7996321086464783,-0.605547875932726,0.23552820825545087,1.0,1,3.8061201330990437,-0.7602823868977897
1,1,0,1,1,-0.7684167676513081,-0.007601490111591389,0.7328316863643913,-1.791974301834514,0.0,2,-0.7380938959306194,0.8142059062000045
1,0,0,1,0,-0.8147056492791863,-0.6601415692437526,-0.7560300754414309,0.23552820825545087,0.0,1,-0.963308388196824,0.26508385670341345
1,0,0,1,0,-0.7686505498817519,-0.6601415692437526,-0.5724873927073286,0.23552820825545087,1.0,2,-0.9191969793914528,0.31732713912727084
1,0,0,0,0,0.7329327162589676,-0.6601415692437526,-0.3296638435001004,0.23552820825545087,1.0,2,0.5190140802882368,-0.5513365601229347
1,1,2,1,0,-0.8829700605687847,-0.6601415692437526,-0.14042107745127452,0.23552820825545087,1.0,1,-1.028691796172298,1.3847372231174315
1,1,0,1,0,-0.3817409584972134,-0.6601415692437526,-0.9908735080080459,0.23552820825545087,1.0,0,-0.5486163622701876,-0.4647995819530935
1,1,0,0,0,2.845388950549414,-0.6601415692437526,-0.7332297421825361,0.23552820825545087,0.0,1,2.5423170750361237,-0.7450669120704244
1,1,0,1,1,0.11177332996971154,-0.11907776012921734,1.4100015841535631,-0.7782230467895316,1.0,0,0.07404864080583315,0.018428016660145076
0,1,2,1,0,-0.5605843647867432,-0.6601415692437526,3.7481757598532113,0.23552820825545087,1.0,2,-0.7199119345346999,2.7123758375687474
1,0,1,1,0,-0.2099110191209984,0.3764261821085491,2.6674399633816046,0.23552820825545087,0.0,0,-0.09670953358490823,0.53283979665151
1,1,1,0,0,-0.8581891441417387,-0.6601415692437526,-0.47558597635702626,0.23552820825545087,1.0,2,-1.004956723414078,0.7787287692106944
0,0,0,0,0,0.3016045010901014,-0.6601415692437526,0.3589062209185186,0.23552820825545087,1.0,1,0.10588946482676598,-0.2815087245870891
1,1,0,0,0,-0.8462662503891034,1.143027488244252,-0.48698614298647364,0.23552820825545087,1.0,1,-0.49371221283324856,-0.25623882139407805
1,0,0,1,0,1.3276747105080708,-0.6601415692437526,0.27226495453471894,0.23552820825545087,1.0,2,1.088655826485517,-0.5267441197446372
1,1,2,0,1,1.9696407153068274,-0.6601415692437526,0.31444557106367393,0.23552820825545087,0.0,2,1.703528560391858,-0.5865189718921123
1,1,0,1,0,-0.6985158807486028,-0.6601415692437526,1.020115885426464,0.23552820825545087,1.0,2,-0.8520222451700754,1.4770124461584284
1,1,2,0,0,-0.26344714989263546,1.540060725299782,0.016901222035098525,0.23552820825545087,1.0,2,0.17456443477908742,-0.3947146943189886
1,0,0,0,0,-0.772624847799297,-0.6601415692437526,-0.5975677592921128,0.23552820825545087,1.0,2,-0.9230035476639975,0.3041011202551145
0,1,0,1,1,-0.6431094921334152,-0.34469603705619506,0.34978608761496094,0.23552820825545087,0.0,0,-0.7115150927570277,0.49504765677275314
1,1,0,1,0,0.07997894662935066,-0.6601415692437526,-0.9851734246933223,0.23552820825545087,0.0,1,-0.10638269531278653,-0.6036999072065241
1,1,0,1,0,0.1945322395468273,-0.10138696075685488,-1.4069795899828736,0.23552820825545087,1.0,1,0.15821858278521891,-0.7558722662549071
1,0,0,0,0,-0.2075731968165601,0.19257111648527606,-0.20084196058734555,-2.8057255568794965,1.0,0,-0.1454336074734805,-0.3407688011650598
0,0,2,1,0,1.4116025312374056,-0.6601415692437526,0.5572691202709024,0.23552820825545087,1.0,0,1.169041591770432,-0.49380256856954513
1,0,0,0,0,0.4161577940075781,-0.6601415692437526,-0.012739211201464486,-2.8057255568794965,1.0,0,0.21560819738834905,-0.41423026143649666
1,1,0,1,0,-0.5519344222603215,0.532089060604176,-0.41402507655801074,0.23552820825545087,1.0,0,-0.3811497498562939,-0.2985381252752481
0,1,0,1,0,-0.661344506108034,-0.30551778273840624,-0.015019244527353823,0.23552820825545087,1.0,0,-0.7181206082887965,0.2750499706942603
0,1,0,1,0,2.2567252942918508,-0.6601415692437526,-0.44594554312046325,0.23552820825545087,1.0,1,1.9784971391380295,-0.6951211200820838
1,1,0,1,0,-0.9236481686660111,-0.6601415692437526,-0.23504246047568755,-1.791974301834514,1.0,1,-1.0676531420206967,1.606198688387924
1,1,0,0,0,-0.756026309437785,2.8360127542075886,0.0864422384747272,0.23552820825545087,1.0,1,0.062001971802132766,-0.3383903611029707
1,1,1,0,0,-0.4046516170807087,-0.29428937583083375,0.5960296868110233,0.23552820825545087,1.0,0,-0.46914865168629816,0.21531135323927852
1,1,2,0,1,-0.2655511899666299,-0.6601415692437526,-0.3672843933772766,0.23552820825545087,1.0,0,-0.43733021924343907,-0.24264980360222954
1,1,1,1,0,1.7145843018926092,-0.6601415692437526,-0.35018414343310555,0.23552820825545087,0.0,0,1.4592364436067822,-0.6540071908717486
1,1,1,0,0,-0.31324276497717124,-0.6601415692437526,0.0830221884858932,0.23552820825545087,0.0,2,-0.4830090385139757,-0.002239536315471303
1,0,0,1,0,4.099163052419674,0.366894153222984,0.7180114697461097,0.23552820825545087,0.0,0,4.027863930763811,-0.6706354769516774
1,1,3,1,0,-0.8775930692685766,-0.6601415692437526,-1.050154374481172,0.23552820825545087,0.0,2,-1.0235417332153256,0.10771107708999385
0,1,0,0,0,-0.7387264243849416,-0.6601415692437526,-0.5143465428971473,0.23552820825545087,1.0,0,-0.8905357594569985,0.2892213294833545
1,0,0,1,0,0.4853573342189517,0.0768942913655367,-1.0387542078517247,0.23552820825545087,1.0,1,0.48618802683205703,-0.6948241087745916
1,0,2,1,0,-0.826160978570934,0.11421460784969847,-0.5907276593144445,2.2630307183454157,1.0,2,-0.7596345940376078,-0.03861964317696786
1,1,1,0,1,4.833940602704631,-0.21617520691268569,-1.1208354075837457,0.23552820825545087,1.0,2,4.570008819086474,-0.804146953383986
0,0,0,1,0,-0.5495965999558833,-0.6601415692437526,-0.952112941467925,0.23552820825545087,1.0,2,-0.7093878928400175,-0.33677685671220214
0,1,1,1,0,-0.2019624232859082,-0.6601415692437526,-0.48242607633469475,-2.8057255568794965,1.0,0,-0.3764251268827236,-0.32911102863141173
1,1,0,0,0,1.7473138141547455,4.251761383431439,1.4772625672673023,-2.8057255568794965,1.0,1,2.8521269492651156,-0.552856015597312
1,0,3,1,0,-0.7006199208225974,-0.6601415692437526,-0.43682540981690543,0.23552820825545087,0.0,0,-0.8540374871967168,0.2615942940544449
1,1,0,1,0,-0.7307778285498514,-0.29671277300513,0.6199700367328627,0.23552820825545087,0.0,0,-0.7821829131579168,0.8737505350567965
1,1,0,1,0,-0.5928463125879918,2.0932415202857984,0.0442616219457722,-2.8057255568794965,1.0,1,0.012404626368682465,-0.33131542800131203
1,0,0,1,0,-0.42849740458597935,0.6935680923181139,-0.656848625765239,0.23552820825545087,0.0,1,-0.21816145305715845,-0.46499243817719405
1,0,0,0,0,-0.9390777958753038,-0.6601415692437526,2.797401862957304,0.23552820825545087,1.0,1,-1.0824315835493998,7.007658762801568
1,0,1,1,1,-0.5442196086556752,0.3352284301455134,5.80476581980551,0.23552820825545087,0.0,1,-0.4283288048577746,2.4070718492866154
1,1,1,1,0,0.6950599949270672,-0.23766266185811216,3.414150877610405,0.23552820825545087,0.0,1,0.5998476771346276,0.17517854023233073
1,0,0,1,1,-0.7029577431270356,-0.6601415692437526,-0.9703532080750408,0.23552820825545087,0.0,1,-0.8562766450040961,-0.18401448156780856
1,0,1,1,0,-0.5519344222603215,1.0111139020567281,-0.05377981106747483,0.23552820825545087,1.0,1,-0.2483676918787046,-0.23900406889782808
1,1,0,1,0,-0.1292561496178771,-0.06204714662744636,-0.6032678426068365,0.23552820825545087,0.0,1,-0.14100007501486975,-0.4729221235183801
1,0,0,1,0,1.1878729367026606,1.1708157758428486,0.6803909198689337,0.23552820825545087,0.0,0,1.4622816982248181,-0.5143142471186715
1,0,0,1,0,-0.6515256524293931,-0.6601415692437526,1.066856568607198,0.23552820825545087,1.0,0,-0.8070151732417526,1.3004931793974774
0,1,0,0,0,-0.24240674915269075,0.10912547378367636,1.1295574850691585,0.23552820825545087,0.0,2,-0.2019275589536589,0.1395684795752142
0,1,0,1,0,0.9580650041763757,0.5715096546393945,-0.26240286038636124,0.23552820825545087,1.0,0,1.076049368029972,-0.6094410298964253
0,1,0,1,0,-0.743635851224262,-0.08337304176125306,1.256099334656024,0.23552820825545087,0.0,1,-0.7353621234056167,1.1538686775267666
1,0,0,0,0,-0.9739113482114345,-0.6601415692437526,0.8456933359959201,0.23552820825545087,1.0,0,-1.1157950348793506,4.4521428419724005
1,1,0,1,1,-0.7417655933807115,-0.6601415692437526,-0.16892149402489287,0.23552820825545087,0.0,1,-0.8934466646065915,0.6161971754295501
1,1,0,0,0,-0.9437534404841804,2.0944532188729466,1.920729049152804,0.23552820825545087,1.0,1,-0.3233570868478355,0.565805253775526
1,0,3,1,0,3.4356890824200845,-0.6601415692437526,0.8548134692994778,0.23552820825545087,1.0,1,3.107704421399383,-0.622715661324563
1,0,0,1,1,-0.258537723053315,1.2993366059863578,-0.7218295755530888,0.23552820825545087,1.0,0,0.1125397635146823,-0.5710985511050384
1,1,2,0,0,0.0912004936906545,0.47029243265962256,-0.2954633436117584,0.23552820825545087,0.0,0,0.21771300572728544,-0.484688190105974
1,1,0,1,0,-0.5720396940784909,-0.6601415692437526,-0.656848625765239,-2.8057255568794965,1.0,2,-0.7308838077908583,-0.12294271883522277
1,0,0,1,0,-0.7637411230424315,0.4030027711199975,-0.6545685924393495,0.23552820825545087,0.0,1,-0.6197991889667739,-0.23957444160637026
1,0,0,1,1,-0.17881798247196903,0.9287991780364665,-0.34220402679249257,0.23552820825545087,1.0,1,0.08618487612182862,-0.46319202617793476
1,0,0,1,0,-0.497696944797353,0.33474375071065404,-0.04351966110097216,0.23552820825545087,1.0,2,-0.3839039139593703,-0.1451962312025287
1,1,3,1,1,-0.6711633597866747,-0.6601415692437526,-0.9498329081420356,-2.8057255568794965,1.0,1,-0.8258240988237383,-0.21022172494667873
1,1,0,0,0,0.8056389899269987,0.5792645255971424,2.3071946978910685,0.23552820825545087,1.0,2,0.932205870483929,-0.16261886832478528
1,0,0,1,1,-0.05304314249318854,-0.6601415692437526,-0.6557086091022943,0.23552820825545087,0.0,2,-0.23379077455266561,-0.45902757835379904
1,0,0,0,0,-0.040652684279665556,0.4460584609166604,0.5310487370231733,2.2630307183454157,0.0,0,0.08470703196895824,-0.226272066847394
1,0,2,1,0,1.7143505196621656,-0.6601415692437526,-0.22478231050918487,0.23552820825545087,1.0,1,1.4590125278260444,-0.6369479800316131
0,1,0,1,0,-0.8465000326195472,0.6540667183770856,-0.0378195777862485,0.23552820825545087,1.0,2,-0.6294723506946521,0.11421099407165586
1,1,3,1,0,0.4722655293140972,-0.6601415692437526,1.2481192180154113,0.23552820825545087,1.0,0,0.26934798476545097,-0.12765979304881753
1,1,3,0,0,-0.8855416651036668,-0.6601415692437526,0.8867339358619304,-4.427727564951469,1.0,2,-1.0311548697604151,2.839649776266748
1,0,0,1,0,-0.0009097051042144765,0.8554510235611013,1.6653653166531832,0.23552820825545087,0.0,1,0.23625323237238566,-0.010358309511568282
0,0,3,0,1,-0.7384926421544978,-0.6601415692437526,-0.8084708419368886,0.23552820825545087,1.0,0,-0.8903118436762606,0.01918303776698859
1,0,0,1,0,-0.8708133845857056,0.20420342292189794,1.482962650582026,0.23552820825545087,1.0,0,-0.7774582901843465,1.4778604973658498
1,0,0,1,0,1.1207774365652814,0.09765472715867433,-0.8244310752181149,0.23552820825545087,0.0,2,1.1005457544427009,-0.6996346442221253
0,0,3,0,0,1.9986297118818623,0.16502516860410912,-0.45050560977224224,0.23552820825545087,0.0,0,1.9600240872271506,-0.694799546670211
1,0,2,1,0,-0.45327832101302534,1.0023088923234518,-0.9600930581085381,0.23552820825545087,1.0,0,-0.15631591441734372,-0.5849620070911602
1,1,3,1,0,0.5753634929398262,0.8524621670461358,-1.1516158574832533,0.23552820825545087,0.0,2,0.7873771435026395,-0.7366886562989347
0,1,1,1,0,-0.40652187492425934,0.25598334254602706,1.7406064164075359,0.23552820825545087,1.0,1,-0.31840854809352725,0.4898662728218651
1,0,1,1,0,0.26116017522331886,0.1905516188400292,-0.2567027770716375,0.23552820825545087,1.0,0,0.3029577434542135,-0.4947545751762585
1,1,0,1,0,-0.8595918375244017,-0.6601415692437526,0.5812094701927417,0.23552820825545087,1.0,2,-1.0063002180985055,2.1369652162099593
1,1,0,1,1,-0.04112024874055322,3.8412379021056595,-0.7856705086779938,-2.8057255568794965,0.0,2,1.0253772268489794,-0.6887031529133196
1,0,0,0,0,-0.25830394082287117,-0.3614174775588389,1.6870256332491336,0.23552820825545087,1.0,0,-0.34758477432367885,0.5096552509604122
1,0,1,1,0,-0.1175670380956856,0.007908251803904432,-0.4596257430758001,0.23552820825545087,1.0,1,-0.11041317936606918,-0.43718962832898656
1,1,0,0,0,-0.4899821311927066,-0.6601415692437526,-0.5462670094595998,0.23552820825545087,0.0,0,-0.6522893687518467,-0.146489623539303
1,0,0,1,0,-0.050939102419194075,-0.6601415692437526,-1.062694557773564,0.23552820825545087,1.0,2,-0.2317755325260243,-0.602652242740243
1,0,0,1,0,0.7649608818297723,0.40486070895362475,-0.3878046933102819,0.23552820825545087,1.0,0,0.8449011075742122,-0.6060385832446676
0,0,0,1,0,-0.758831696203111,0.7892922807028144,-0.5268867261895392,0.23552820825545087,1.0,2,-0.5080204312224018,-0.2645059947687434
1,0,0,0,1,-0.5175684343850785,1.4085510386413076,0.29164523780477924,0.23552820825545087,1.0,0,-0.10528550798717079,-0.20309450094351658
1,1,2,0,0,-0.7130103790361203,-0.6601415692437526,0.3623262709073529,0.23552820825545087,1.0,1,-0.8659050235758268,0.9826877007474035
1,1,0,0,0,-0.9472601739408378,-0.6601415692437526,2.279834297980395,-2.8057255568794965,1.0,2,-1.0902686358752272,6.374698089900461
0,1,0,1,0,-0.48881322004048744,0.2870028263770187,-0.4049049432544529,0.23552820825545087,0.0,2,-0.38862853693294047,-0.2903032578160757
1,1,0,1,0,-0.8511756772284238,-0.6601415692437526,-0.05833987771925383,0.23552820825545087,0.0,1,-0.9982392499919402,1.2616138014561669
1,1,0,1,0,-0.911257710452488,-0.6601415692437526,-0.605547875932726,0.23552820825545087,1.0,2,-1.0557856056415869,0.9172406259449037
1,1,2,0,0,0.42106722084689846,-0.5173226957718955,-1.2450972238447215,0.23552820825545087,1.0,2,0.25989873881831055,-0.7227261976416958
1,0,2,1,0,1.3283760571994023,-0.6601415692437526,0.6689907532394863,0.23552820825545087,1.0,1,1.0893275738277308,-0.4645691833992595
1,1,0,0,0,-0.057251222641177484,0.058395692935075606,0.004361038742706519,0.23552820825545087,1.0,0,-0.03864817163956434,-0.3224056118901775
1,1,0,1,0,-0.2559661185184329,-0.6601415692437526,0.9254945024020514,0.23552820825545087,0.0,1,-0.4281496722331842,0.30720138986371665
0,1,3,1,0,-0.10307253980816813,-0.6601415692437526,-0.2795031103305322,0.23552820825545087,1.0,2,-0.2817087516305815,-0.30231606656580107
1,0,0,1,0,-0.9075171947653868,-0.006955250865112343,-1.199496557326932,0.23552820825545087,0.0,2,-0.8711446528450942,-0.3616055657958683
1,0,0,1,1,-0.17881798247196903,0.9287991780364665,-0.34220402679249257,0.23552820825545087,1.0,1,0.08618487612182862,-0.46319202617793476
0,0,1,1,0,0.669110167347802,3.8367950072861166,2.4052361309043158,-0.7782230467895316,1.0,1,1.7044018319367358,-0.3256406165232629
1,0,0,1,0,0.4853573342189517,0.0768942913655367,-1.0387542078517247,0.23552820825545087,1.0,1,0.48618802683205703,-0.6948241087745916
1,1,1,1,0,-0.7817423547866064,-0.6601415692437526,-0.8027707586221648,0.23552820825545087,1.0,0,-0.9317362631127766,0.12223264461163443
1,1,2,1,0,-0.554038462334316,-0.6601415692437526,-1.2200168572599375,-0.7782230467895316,1.0,0,-0.713642292674038,-0.504505738135841
1,0,1,0,1,3.0088027296296516,-0.6601415692437526,0.27910505451238726,2.2630307183454157,0.0,2,2.698834205771933,-0.6540293324988332
1,1,1,0,1,0.08184920447290131,-0.6601415692437526,-1.1288155242243587,0.23552820825545087,0.0,0,-0.10459136906688314,-0.6491275283633274
1,0,0,1,0,1.5682366256347717,-0.39728375573842295,-0.9350126915237541,0.23552820825545087,1.0,1,1.391927359916962,-0.7307125282343491
1,1,2,1,1,-0.6735011820911131,-0.13886883705263645,-0.6830690090129679,0.23552820825545087,1.0,0,-0.6835704033209348,-0.19430979000273735
1,1,2,1,0,1.309673478763896,-0.6601415692437526,0.37030638754796597,0.23552820825545087,0.0,2,1.071414311368697,-0.5089307037223343
1,1,0,1,0,-0.26134310981864095,-0.6601415692437526,0.3383859209855136,0.23552820825545087,1.0,1,-0.43329973519015647,0.05995491917702021
1,1,2,1,0,-0.5070482340151062,1.7095369676888976,-0.34220402679249257,0.23552820825545087,1.0,1,-0.011778277951013391,-0.4341933455195886
1,1,0,1,0,-0.15006276812737795,0.39589413940872864,-0.9110723416019145,0.23552820825545087,1.0,2,-0.03399072340021547,-0.5955165633515392
1,1,1,1,0,0.20435109322546818,-0.6601415692437526,0.48772810383127363,0.23552820825545087,1.0,0,0.012740500039789352,-0.20475124315846002
1,1,0,0,0,2.3715123694397713,-0.6601415692437526,-0.9498329081420356,-2.8057255568794965,1.0,1,2.0884397874803504,-0.7557277114101791
1,0,0,0,0,1.379574365666601,-0.6601415692437526,1.3837812009058341,0.23552820825545087,1.0,0,1.1383651298093362,-0.3622828110991035
1,0,0,0,0,0.20645513329946263,0.35994708132333475,-0.5040863929306446,0.23552820825545087,1.0,1,0.2975165899822819,-0.5516375156157992
1,0,3,0,0,-0.3576613887614989,-0.6601415692437526,-0.639748375821068,0.23552820825545087,1.0,2,-0.5255530368541814,-0.30603741849902105
1,1,0,1,1,0.11177332996971154,-0.11907776012921734,1.4100015841535631,-0.7782230467895316,1.0,0,0.07404864080583315,0.018428016660145076
1,0,2,1,1,0.3549068496312946,0.4382228100531026,-0.4961062762900316,0.23552820825545087,1.0,0,0.46140054990436885,-0.5771849588093709
1,0,1,1,0,-0.4189123331377823,3.172945741340573,-0.3273838101742109,0.23552820825545087,1.0,2,0.47828379977200847,-0.5441415465431279
0,1,2,0,0,-0.50728201624555,-0.6601415692437526,0.02260130534982219,0.23552820825545087,1.0,0,-0.6688591365264531,0.20998465082931725
1,1,2,1,0,-0.44743376525192957,-0.6601415692437526,0.20728400474686923,0.23552820825545087,1.0,2,-0.6115366966575444,0.2227783656138874
1,1,0,1,0,-0.7714559366470778,0.9872838298428153,-0.7092893922606966,0.23552820825545087,1.0,1,-0.4652301255233845,-0.3762076600380578
1,0,0,1,0,-0.13837365660518644,-0.6601415692437526,-1.1162753409319666,0.23552820825545087,1.0,0,-0.3155200345220081,-0.6024925890238676
1,0,0,1,1,-0.2559661185184329,0.6752310536992725,-0.3536041934219399,0.23552820825545087,1.0,2,-0.057994495095320946,-0.42236648046663194
1,1,0,1,0,-0.39553411009339934,-0.6601415692437526,0.3247057210301766,-2.8057255568794965,0.0,2,-0.5618273933337251,0.21054753087059463
1,1,0,1,0,-0.23843245123514564,1.4098435171342656,-0.46418580972757895,2.2630307183454157,0.0,2,0.16242819946309195,-0.5143535942043705
1,0,1,0,0,0.45449807980036616,0.19854882951520678,0.0397015552939932,0.23552820825545087,1.0,2,0.4903528603537825,-0.46927525267200054
0,1,2,1,0,0.16414054958912944,0.6464734072309575,-1.1162753409319666,0.23552820825545087,1.0,2,0.33641076109645934,-0.6988948100308271
1,1,1,1,0,0.18214178133330433,-0.6601415692437526,-0.4356853931539606,0.23552820825545087,1.0,1,-0.008531499130313484,-0.4623719950236373
1,1,0,1,1,1.5640285454867828,-0.6601415692437526,-0.8848519583541857,0.23552820825545087,1.0,2,1.3150346808115587,-0.7201757695175405
1,1,2,1,0,0.7207760402758884,-0.22336461852976444,0.5014083037866103,0.23552820825545087,0.0,0,0.6284417223348607,-0.4063587819985794
0,1,0,1,0,-0.7899247328521404,-0.1329719039285156,-0.4938262429641421,-0.7782230467895316,1.0,1,-0.7934458769290343,0.086980617079577
1,1,2,1,0,-0.9252846442791178,-0.2028465224540565,1.2845997512296425,0.23552820825545087,1.0,2,-0.9424618290101231,2.342469334816004
0,1,0,0,0,-0.12738589177432644,-0.31222251492062575,-0.9806133580415434,0.23552820825545087,0.0,2,-0.20855546606350156,-0.5795911385457096
1,0,0,1,0,1.5682366256347717,-0.39728375573842295,-0.9350126915237541,0.23552820825545087,1.0,1,1.391927359916962,-0.7307125282343491
1,0,0,1,0,-0.4133015596071304,-0.0001697387770829556,0.9585549856274485,0.23552820825545087,1.0,1,-0.39590579980692303,0.2798290098871318
0,0,1,1,0,0.669110167347802,3.8367950072861166,2.4052361309043158,-0.7782230467895316,1.0,1,1.7044018319367358,-0.3256406165232629
1,1,0,1,1,-0.8808660204947902,-0.6601415692437526,0.6712707865653756,0.23552820825545087,1.0,0,-1.0266765541456566,2.4832399720647773
1,1,2,0,0,-0.6386676297549825,1.609369884484654,-0.26240286038636124,0.23552820825545087,1.0,0,-0.16560841931796758,-0.35216221285200955
1,0,0,1,0,0.04397648314100086,-0.6601415692437526,1.6209046667983389,0.23552820825545087,1.0,2,-0.14086572554642693,0.24669955863737614
0,0,0,1,0,-0.07899297007245366,-0.40253444961606477,-0.7685702587338229,0.23552820825545087,1.0,1,-0.1872386837372512,-0.513196063023293
1,1,1,1,0,0.6038849250539735,0.3073593626411069,-0.2703829770269742,0.23552820825545087,0.0,0,0.6635964999107149,-0.5615991360519064
1,1,0,0,1,-1.0491892264143476,-0.6601415692437526,-1.0091137746151617,0.23552820825545087,1.0,1,-1.1878959162769622,1.6459523734283048
1,1,0,1,0,0.24970484593157116,-0.32256234286428964,-0.02983946114563549,0.23552820825545087,0.0,1,0.14975456627332534,-0.39910807493637407
1,1,2,0,1,0.18541473255951796,-0.6601415692437526,-0.7184095255642546,0.23552820825545087,1.0,1,-0.0053966781999825394,-0.5452017497664208
1,0,2,1,0,1.4050566287849786,-0.1857211824223633,-0.32396376018537676,0.23552820825545087,1.0,2,1.294277687937153,-0.6381081208739052
1,1,2,0,0,0.6043524895148611,0.43927294882863094,-1.0045537079633828,0.23552820825545087,1.0,2,0.7006097784666937,-0.7044494421434118
1,1,2,1,1,-0.24147162023091542,0.24669365337789154,1.0269559854041324,0.23552820825545087,1.0,1,-0.1628990383710386,0.07194256481576078
1,1,0,1,0,-0.758831696203111,-0.6601415692437526,-0.17918164399139552,0.23552820825545087,1.0,1,-0.90979251660046,0.6675726647374548
1,0,0,0,0,-0.2725646568799448,-0.057765811619522996,-0.9680731747491512,0.23552820825545087,1.0,1,-0.2770736949693065,-0.5572479562867333
1,1,1,1,0,-0.6774754800086582,0.3741643447458727,1.8101474328471643,0.23552820825545087,1.0,1,-0.5451680592468235,0.9254546787715608
1,1,2,1,0,-0.772624847799297,2.5353499447832384,-1.1687161074274244,0.23552820825545087,1.0,2,-0.037237502220915375,-0.6713976665097067
1,1,0,0,0,-0.8750214647336945,-0.6601415692437526,-0.9486928914790907,0.23552820825545087,1.0,0,-1.0210786596272086,0.2358611947309114
1,1,0,1,0,-0.8991010344694089,-0.21165153218733274,0.21070405473570325,0.23552820825545087,1.0,2,-0.9198239435775191,1.0923935268039475
0,0,3,1,0,-0.3812733940363257,0.3545348276340732,-1.2222968905858267,2.2630307183454157,1.0,2,-0.2669079185238046,-0.6523721536161431
1,1,3,1,0,0.11083820104793621,-0.6601415692437526,1.2321589847341845,0.23552820825545087,1.0,2,-0.07682581225538049,0.07035924796899623
1,1,1,0,0,-0.4046516170807087,-0.29428937583083375,0.5960296868110233,0.23552820825545087,1.0,0,-0.46914865168629816,0.21531135323927852
1,0,3,1,0,-0.247549958222455,1.6925731874688241,1.9469494324005323,0.23552820825545087,0.0,1,0.2320660072725865,0.060849255591368695
0,1,3,1,0,1.0840736263856001,0.40372979027228645,0.32242568770428726,0.23552820825545087,1.0,2,1.1502326661884463,-0.5270519897756568
1,0,0,1,0,1.9254558737529437,2.0778125582761127,0.5948896701480787,0.23552820825545087,1.0,1,2.420148625065512,-0.6079359371359077
1,1,0,1,0,-0.757429002820448,1.1294564640681934,-1.354538823487416,0.23552820825545087,1.0,0,-0.41238600126923425,-0.6767667013455162
1,0,3,1,0,-0.7006199208225974,-0.6601415692437526,-0.43682540981690543,0.23552820825545087,0.0,0,-0.8540374871967168,0.2615942940544449
1,1,0,0,0,-0.3169832806642725,-0.6601415692437526,-1.3020980569919582,0.23552820825545087,1.0,1,-0.4865916910057825,-0.6372820617066296
0,1,0,0,0,0.2398859922529303,-0.6601415692437526,2.0529709820543927,0.23552820825545087,1.0,1,0.04677569871195389,0.21495462011263639
0,1,2,1,0,-0.8469675970804349,-0.6601415692437526,-1.3340185235544109,-2.8057255568794965,1.0,0,-0.9942087659386576,-0.33220463203769757
1,1,0,1,0,0.40306598910272357,-0.6601415692437526,0.3190056377154529,0.23552820825545087,1.0,0,0.20306891366702526,-0.32786749361806405
1,0,3,1,1,-0.053510706954076205,-0.6601415692437526,0.10810255507067722,0.23552820825545087,0.0,2,-0.2342386061141415,-0.19006284704173343
1,0,0,1,0,1.4733210400745769,-0.6601415692437526,0.2209642047022059,0.23552820825545087,1.0,1,1.228155357885244,-0.5518845849626416
1,1,0,0,0,2.146146299291919,0.09200013375198315,-0.9201924749054724,0.23552820825545087,1.0,2,2.081072958294073,-0.7522471878646345
1,1,0,1,0,-0.23469193554804438,0.3567158850909398,-0.0640399610339775,0.23552820825545087,1.0,2,-0.12590815139313352,-0.3054469739615956
0,0,0,1,0,1.757600232294274,-0.6601415692437526,0.605149820114581,0.23552820825545087,0.0,0,1.5004369472625603,-0.5288873734048589
1,1,0,1,0,-0.5313615859812645,-0.6601415692437526,-0.6066878925956707,0.23552820825545087,0.0,0,-0.6919224619424593,-0.1382503430612339
1,1,2,1,0,-0.59518413489243,-0.6601415692437526,1.0109957521229065,0.23552820825545087,1.0,0,-0.7530514700839128,1.050407363920049
1,1,0,1,0,-0.15286815489270392,-0.6601415692437526,-0.44366550979457375,0.23552820825545087,1.0,2,-0.3294028129277594,-0.33910678819835965
1,1,2,1,1,1.107451849429983,-0.6601415692437526,-0.22136226052035088,0.23552820825545087,1.0,0,0.8777271610303921,-0.5809714073057582
1,1,2,0,0,-0.2678890122710682,-0.06883265871547575,-0.4254252431874581,0.23552820825545087,1.0,0,-0.2756630255506575,-0.35894760017350624
1,1,0,0,0,3.53855326381537,-0.6601415692437526,3.224908111561579,0.23552820825545087,1.0,2,3.20622736492407,-0.4303459447698037
1,1,0,1,0,-0.5131265720066458,-0.19048719686514584,1.5023429338520862,0.23552820825545087,1.0,1,-0.5442723961238719,0.7705715777639767
1,0,3,1,1,-0.6746700932433323,0.9724203271737984,2.286674397958063,0.23552820825545087,1.0,2,-0.3766490426634615,0.7958853087071579
1,1,3,1,0,0.1435677133100724,0.27706689796240425,0.4888681204942183,0.23552820825545087,1.0,0,0.21430948586006904,-0.2896353146828958
1,1,0,1,0,-0.8060557067527646,-0.6601415692437526,0.02260130534982219,-0.7782230467895316,1.0,0,-0.9550235043095208,1.0855696203945024
1,0,3,1,0,3.4356890824200845,-0.6601415692437526,0.8548134692994778,0.23552820825545087,1.0,1,3.107704421399383,-0.622715661324563
1,1,1,1,0,-0.2108461480427737,-0.06689394097603879,0.3247057210301766,0.23552820825545087,1.0,1,-0.220490177176833,-0.12314294537950667
1,1,0,0,0,-0.7431682867633744,-0.6601415692437526,0.12406278835190356,0.23552820825545087,1.0,2,-0.894790159291019,0.8923869670234295
1,1,0,1,0,1.3042964874636878,-0.6601415692437526,-0.16208139404722452,0.23552820825545087,0.0,0,1.0662642484117246,-0.592570719212136
1,1,1,1,0,-0.9804572506638617,-0.6601415692437526,-0.969213191412096,0.23552820825545087,1.0,1,-1.1220646767400124,0.8069144608762652
1,0,0,0,0,0.8827871259734625,0.2762590989043055,2.4964374639398943,0.23552820825545087,0.0,0,0.9221072687726489,-0.12758363455127672
1,0,0,0,0,-0.7693518965730833,-0.6601415692437526,-0.6283482091916206,0.23552820825545087,1.0,2,-0.9198687267336666,0.26423109085459556
1,1,2,1,0,-0.613185366636605,0.6066489136666896,-0.4584857264128553,0.23552820825545087,1.0,0,-0.41914825784751963,-0.2939125936420376
1,1,0,1,0,0.9475448038064034,-0.6601415692437526,0.44782752062820796,0.23552820825545087,1.0,1,0.7245687670056516,-0.43708629394240467
1,1,0,1,0,0.6216523745677045,0.004434715854079892,-0.06746001102281184,0.23552820825545087,1.0,2,0.5966456814700755,-0.5114914641236913
1,0,1,1,0,-0.2870591551674623,1.1423004690919634,-0.22478231050918487,0.23552820825545087,1.0,1,0.04169281048920304,-0.417724159912181
1,0,2,1,0,-0.4233541955162151,-0.6601415692437526,-0.23960252712746655,0.23552820825545087,1.0,1,-0.5884733712415382,-0.04743893943242105
1,1,0,1,0,-0.5991584328099752,-0.6601415692437526,0.3395259376484583,0.23552820825545087,0.0,0,-0.7568580383564575,0.5998584987116753
0,0,0,1,0,4.080226691753723,0.3013816496111762,-0.7947906419815517,0.23552820825545087,1.0,1,3.9915671827061923,-0.7766409503476913
1,1,0,1,0,-0.6258096070805718,-0.15672119623661848,0.7715922529045124,0.23552820825545087,1.0,0,-0.6428401228047064,0.595783858776587
1,1,0,1,0,-0.3730910159707917,0.65762103423272,1.5422435170551518,0.23552820825545087,0.0,2,-0.17505766526510796,0.25364843684473326
1,1,2,1,0,0.6854749234788701,-0.6601415692437526,-0.4254252431874581,0.23552820825545087,1.0,1,0.4735591767984382,-0.564072048071822
1,1,3,0,0,1.3363246530344925,-0.6601415692437526,-0.3273838101742109,0.23552820825545087,0.0,0,1.0969407103728201,-0.6216554174599996
1,1,0,0,0,-0.8313041876406982,-0.6601415692437526,-0.22478231050918487,-0.7782230467895316,1.0,1,-0.9792064086292166,0.9417590807633274
0,1,2,1,0,0.0007267705088923327,-0.19509165149630858,0.23920447130932157,0.23552820825545087,0.0,2,-0.053381830012119824,-0.24558115600541097
1,1,0,1,0,-0.9531047297019336,-0.22150668069613738,-0.34220402679249257,0.23552820825545087,1.0,1,-0.9742802614529823,0.7793966330539681
1,1,1,1,1,0.623756414641699,1.2532920596747297,0.8285930860517491,0.23552820825545087,1.0,2,0.9448347205175482,-0.4134541399217463
1,0,1,0,0,0.46221289340501254,-0.3074565004778432,-0.7320897255195913,0.23552820825545087,0.0,0,0.35748123606389814,-0.6138198333233402
1,1,0,0,0,0.5496474475910049,-0.6601415692437526,-0.900812191635412,-2.8057255568794965,1.0,0,0.34346410818970396,-0.6503532089829708
1,1,0,0,0,-0.7431682867633744,-0.6601415692437526,0.12406278835190356,0.23552820825545087,1.0,2,-0.894790159291019,0.8923869670234295
1,1,0,0,0,0.31282604815140524,0.9339690920082986,-0.5610872260778813,0.23552820825545087,1.0,1,0.5585128240104067,-0.6042631735575862
1,1,0,1,0,-0.27747408371926524,-0.6601415692437526,-0.7833904753521044,0.23552820825545087,1.0,1,-0.4487499240610732,-0.4179283824258787
1,1,0,0,0,-0.6704620130953433,-0.6601415692437526,0.2825251045012216,0.23552820825545087,1.0,1,-0.8251523514815244,0.7626989830783395
0,0,2,1,0,-0.295709097693884,-0.6601415692437526,-1.1333755908761376,0.23552820825545087,0.0,2,-0.46621535495863137,-0.5664416493573401
1,1,0,1,0,0.1328137307096562,-0.6601415692437526,-0.5462670094595998,0.23552820825545087,1.0,0,-0.05577772886601558,-0.4811932138503362
1,1,0,1,0,0.3871687974325431,-0.6601415692437526,-0.39578480995089493,0.23552820825545087,1.0,1,0.18784264057684638,-0.5027516306180072
1,0,2,1,1,0.12369622372234686,-0.21528662794877707,0.26086478790527157,0.23552820825545087,1.0,1,0.0587999761375804,-0.2890558011711982
1,1,0,0,0,2.6873521627693853,-0.6601415692437526,0.6165499867440284,0.23552820825545087,1.0,0,2.3909500072572865,-0.6038644507835633
1,0,1,1,0,-0.3403615037086555,-0.30357906499896925,0.09784240510417455,0.23552820825545087,1.0,0,-0.41014684346185504,-0.06497965012110433
1,1,1,1,0,0.34181504472644014,-0.6601415692437526,-0.25556276040869286,0.23552820825545087,0.0,2,0.14440297911368902,-0.4560656558732532
1,0,0,1,0,-0.4507067164781432,-0.6601415692437526,-0.7241096088789784,0.23552820825545087,1.0,1,-0.6146715175878754,-0.28216804455685107
1,0,2,0,0,0.18167421687241667,-0.6601415692437526,1.6516851166978466,0.23552820825545087,1.0,1,-0.008979330691789333,0.14414450707075802
1,1,0,0,0,1.5902121552964918,-0.6601415692437526,-0.1324409608106615,0.23552820825545087,0.0,1,1.3401132482542064,-0.6144874675008359
1,0,0,1,0,-0.2082745435078916,-0.6601415692437526,0.20500397142097956,0.23552820825545087,1.0,1,-0.38247085296264755,-0.044692002295412356
0,1,1,1,0,-0.06660251185893068,-0.6601415692437526,-0.4584857264128553,0.23552820825545087,1.0,1,-0.24677788983546525,-0.3840398303407362
1,1,0,1,0,2.0287876196091164,-0.5783923045641601,2.21599336485549,0.23552820825545087,1.0,2,1.782839529929231,-0.3618601148602449
0,1,0,1,0,-0.7183873703363284,0.2236713802220775,-0.7947906419815517,0.23552820825545087,1.0,1,-0.6260688308274357,-0.3119986246654161
1,1,1,0,0,-0.9545074230845966,-0.6601415692437526,0.20158392143214557,0.23552820825545087,0.0,0,-1.097210025078103,2.7727807708513765
0,1,0,0,0,-0.24240674915269075,0.10912547378367636,1.1295574850691585,0.23552820825545087,0.0,2,-0.2019275589536589,0.1395684795752142
1,0,0,1,0,-0.20617050343389712,-0.6601415692437526,-0.8711717583988489,0.23552820825545087,1.0,0,-0.3804556109360062,-0.48542274682881326
1,1,2,0,0,-0.2678890122710682,-0.06883265871547575,-0.4254252431874581,0.23552820825545087,1.0,0,-0.2756630255506575,-0.35894760017350624
1,1,0,1,0,-0.5701694362349403,-0.6601415692437526,-0.4790060263458606,0.23552820825545087,0.0,2,-0.7290924815449549,-0.008336477812151941
1,1,0,1,0,-0.9089198881480498,-0.2885540025183327,0.08530222181178254,0.23552820825545087,1.0,2,-0.9505451886947622,1.1281544838518844
1,0,0,1,0,-0.7375575132327225,1.5731804866818304,1.807867399521275,0.23552820825545087,1.0,0,-0.27035622154716876,0.4520756736940419
1,1,2,0,0,0.9316476121362229,3.1075947975403846,-0.9669331580862066,0.23552820825545087,1.0,2,1.7537304784333008,-0.7481054126256016
1,0,0,1,1,0.44654948396527594,-0.6601415692437526,-0.39578480995089493,-2.8057255568794965,1.0,0,0.24471724888427923,-0.5153343470969541
0,0,0,1,0,-0.7373237310022787,-0.6601415692437526,1.3552807843322159,0.23552820825545087,0.0,0,-0.889192264772571,1.9934194640526517
1,1,0,1,0,-0.5000347671017913,-0.6601415692437526,-0.5268867261895392,0.23552820825545087,0.0,2,-0.6619177473235774,-0.12455767611574188
1,0,0,1,0,-0.6531621280424998,-0.6601415692437526,0.29962535444539257,0.23552820825545087,1.0,0,-0.808582583706918,0.7215256720445072
1,1,0,1,0,-0.5886382324400028,-0.6601415692437526,0.37942652085152395,0.23552820825545087,1.0,0,-0.7467818282232509,0.6005952850977223
1,1,0,0,0,-0.663916110642916,0.44420052308303315,-0.08798031095581683,-2.8057255568794965,1.0,1,-0.5127674457740459,-0.051870938899683645
1,0,0,1,0,3.079638745454132,1.0005317343956348,-1.1048751743025194,0.23552820825545087,1.0,0,3.227006749376549,-0.7908773276956524
0,1,0,1,1,-0.6431094921334152,-0.34469603705619506,0.34978608761496094,0.23552820825545087,0.0,0,-0.7115150927570277,0.49504765677275314
1,1,0,1,0,1.0754236838591784,-0.6601415692437526,-0.5565271594261024,0.23552820825545087,1.0,1,0.8470506990692964,-0.6357460750226024
1,1,0,1,0,-0.22954872647828012,-0.6601415692437526,0.567529270237405,0.23552820825545087,1.0,1,-0.4028471890097987,0.12504716568391813
1,1,0,1,0,-0.44135542726039,1.9139101293878784,-1.1310955575502482,0.23552820825545087,1.0,2,0.10779274896303834,-0.6792046637075089
1,0,2,1,0,-0.6204326157803637,-0.6601415692437526,0.657590586610039,0.23552820825545087,1.0,0,-0.7772343744036087,0.8844758751882881
0,1,0,1,0,-0.661344506108034,-0.30551778273840624,-0.015019244527353823,0.23552820825545087,1.0,0,-0.7181206082887965,0.2750499706942603
1,1,0,1,1,-0.8808660204947902,-0.6601415692437526,0.6712707865653756,0.23552820825545087,1.0,0,-1.0266765541456566,2.4832399720647773
0,1,1,1,0,2.0739075900847754,-0.2187601638986017,0.2437645379611006,0.23552820825545087,1.0,0,1.9257425811961744,-0.6125033800584617
1,1,0,1,0,-0.4016124480849389,-0.07303321381758923,1.1135972517879325,0.23552820825545087,1.0,2,-0.4049072141925876,0.35611039836556513
1,1,1,1,0,-0.11780082032612943,0.3077632621701563,-1.1846763407086507,0.23552820825545087,1.0,1,-0.02751955733688953,-0.6774234438607191
1,1,3,0,0,1.2159268043559202,0.11453772747293794,1.5661838669769916,0.23552820825545087,1.0,2,1.1963593170204587,-0.3460855067046158
1,1,3,1,0,-0.0062866964044225645,-0.6601415692437526,-0.24872266043102423,0.23552820825545087,1.0,1,-0.1890076184050807,-0.33717281179374464
1,1,0,1,0,-0.006520478634866394,-0.6601415692437526,-1.247377257170611,0.23552820825545087,1.0,0,-0.18923153418581865,-0.6742749887590556
0,0,0,1,0,-0.45514857885657595,-0.6601415692437526,0.30646545442306095,0.23552820825545087,0.0,1,-0.618925917421896,0.2889927733751017
1,0,0,1,0,0.6335752683203398,-0.6601415692437526,-0.23390244381274286,0.23552820825545087,1.0,2,0.4238498734746189,-0.5143212522278376
1,0,0,1,0,0.05028860336298427,0.1286742109896659,-0.4516456264351869,0.23552820825545087,1.0,0,0.08383376042408042,-0.4922041807890489
1,1,1,1,0,-0.2092096724296669,-0.6601415692437526,0.13660297164429555,0.23552820825545087,1.0,2,-0.38336651608559924,-0.07190000256593039
1,1,0,1,0,0.8919046329607719,-0.3602865588775007,-0.07088006101164583,0.23552820825545087,0.0,0,0.7543943489999434,-0.537684365067929
1,1,2,0,0,-0.6470837900509603,1.319854702062066,0.9699551522568958,0.23552820825545087,1.0,0,-0.25392080324100497,0.13126787242366417
1,0,3,1,0,1.7419368228545373,-0.6601415692437526,1.2082186348123456,0.23552820825545087,1.0,1,1.4854345899531194,-0.44600034102571223
1,0,0,1,0,-0.4154055996811249,-0.6601415692437526,-0.20540202723912454,2.2630307183454157,1.0,1,-0.5808602346964488,-0.03804025858158148
1,0,3,1,0,-0.14328308344450688,-0.6601415692437526,0.558409136933847,0.23552820825545087,1.0,0,-0.3202222659175045,0.039769737687716966
0,1,0,1,0,-0.1949489563725933,-0.6601415692437526,-0.806190808610999,0.23552820825545087,0.0,2,-0.36970765346058587,-0.46337227427177324
1,1,0,0,0,-0.48647539773604914,0.47408908823268653,0.27226495453471894,0.23552820825545087,0.0,0,-0.3345304843066578,-0.0582870415492862
1,1,1,1,0,0.6038849250539735,0.3073593626411069,-0.2703829770269742,0.23552820825545087,0.0,0,0.6635964999107149,-0.5615991360519064
1,0,3,1,1,-0.5173346521546347,0.9399468050382292,-0.5793274926849972,-0.7782230467895316,0.0,0,-0.2349551366125028,-0.43170774027359354
0,1,0,0,0,-0.6926713249875072,0.4319219773999325,-0.2453026104421902,0.23552820825545087,0.0,2,-0.543712606672027,-0.09745831526740509
1,0,0,1,0,-0.4380824760341764,-0.4035038084857832,-0.7902305753297728,0.23552820825545087,1.0,1,-0.5314420218875888,-0.37535723637620727
1,0,0,1,0,-0.6657863684864667,-0.6601415692437526,-0.5998477926180023,0.23552820825545087,1.0,0,-0.820674035866766,0.05693395461068383
1,0,0,0,0,-0.8093286579789782,0.17924243202664686,-0.39920485993972926,0.23552820825545087,1.0,1,-0.7254874374750743,0.03852680647694485
1,1,0,1,1,-0.7417655933807115,-0.6601415692437526,-0.16892149402489287,0.23552820825545087,0.0,1,-0.8934466646065915,0.6161971754295501
1,1,2,1,0,-0.5795207254526935,0.81134519498891,-0.7776903920373807,0.23552820825545087,0.0,1,-0.3301641265822683,-0.46789231709607504
1,1,1,1,0,1.3730284632141738,2.9182466983220405,-0.4584857264128553,0.23552820825545087,0.0,0,2.123997613461533,-0.7028393602419934
0,1,0,0,0,1.162624455814727,0.11171043076959236,-0.8609116084323464,0.23552820825545087,1.0,2,1.1445228137796293,-0.7078358322573022
1,1,0,1,0,-0.9236481686660111,-0.6601415692437526,-0.23504246047568755,-1.791974301834514,1.0,1,-1.0676531420206967,1.606198688387924
1,1,1,0,0,-0.8011462799134442,0.03222300345267649,-0.6283482091916206,0.23552820825545087,1.0,1,-0.7584030572435492,-0.06651489186989269
0,1,2,0,0,-0.6143542777888241,-0.6601415692437526,-0.14156109411421952,0.23552820825545087,1.0,0,-0.7714125641044226,0.2981721253734835
1,1,0,0,0,-0.39015711879319126,-0.006955250865112343,1.4487621506936839,0.23552820825545087,1.0,0,-0.375619030072067,0.4540573284514635
1,0,1,1,0,0.26116017522331886,0.1905516188400292,-0.2567027770716375,0.23552820825545087,1.0,0,0.3029577434542135,-0.4947545751762585
0,1,3,1,0,1.030771277844407,-0.6601415692437526,-0.656848625765239,0.23552820825545087,1.0,1,0.8042827849483528,-0.6493824217409403
1,0,2,1,0,-0.9823275085074124,-0.45948428321202583,-0.1940018606096772,0.23552820825545087,1.0,2,-1.0682353230506154,1.6788636998894961
0,1,0,1,1,-0.6085097220277284,-0.6601415692437526,-0.3672843933772766,0.23552820825545087,1.0,0,-0.7658146695859744,0.1276490342184541
1,1,0,1,0,-0.2823835105585857,1.6563837896660005,0.24604457128698992,0.23552820825545087,1.0,0,0.18867112896557667,-0.34125090316937484
1,1,0,0,1,0.29412346971589887,1.2643589067706826,-0.9863134413562671,0.23552820825545087,1.0,0,0.6321811158731838,-0.6959513447338008
1,0,0,1,0,0.7649608818297723,0.40486070895362475,-0.3878046933102819,0.23552820825545087,1.0,0,0.8449011075742122,-0.6060385832446676
0,1,3,1,0,-0.3342831657171159,-0.5741917494620468,-0.23846251046452188,0.23552820825545087,1.0,1,-0.47933681970987374,-0.1529524488061137
1,1,0,0,0,-0.3003847423027606,-0.6601415692437526,-0.4493655931092974,0.23552820825545087,1.0,1,-0.47069367057338984,-0.25555567527910494
1,0,0,0,0,-0.2559661185184329,-0.6601415692437526,0.9106742857837697,0.23552820825545087,1.0,0,-0.4281496722331842,0.3008253086690501
1,0,0,1,0,1.4471374302648679,-0.6601415692437526,-0.021859344505022485,2.2630307183454157,1.0,1,1.2030767904425965,-0.5853311452557731
0,1,1,1,0,-0.849539201615317,-0.6601415692437526,-0.4972462929529763,0.23552820825545087,1.0,2,-0.9966718395267747,0.7075347529779957
1,1,0,1,0,-0.9002699456216281,-0.6601415692437526,-0.9885934746821564,2.2630307183454157,0.0,0,-1.0452615639469043,0.27975073694139185
1,1,0,1,0,0.32545028859537206,-0.6601415692437526,1.706405916519194,0.23552820825545087,1.0,2,0.1287288744620343,0.06320108690205868
1,0,0,1,0,-0.1269183273134388,0.45332865243954906,-1.046734324492338,0.23552820825545087,1.0,1,0.0040973509033053815,-0.641802825383718
1,0,1,1,0,0.7058139775274833,-0.6601415692437526,0.06706195520466687,0.23552820825545087,0.0,1,0.4930398497226376,-0.4641151334851785
1,1,2,1,0,1.3931337350323432,-0.2828186292058316,0.6917910864983811,0.23552820825545087,1.0,0,1.2559433062748206,-0.48598901883306317
0,1,3,0,0,-0.6194974868585884,1.5037097676853388,1.0964970018437614,0.23552820825545087,1.0,1,-0.17653550941797835,0.10628457751561964
1,1,0,1,0,0.1875187726335124,-0.6601415692437526,-0.9908735080080459,-4.833228066969461,1.0,1,-0.0033814361733412184,-0.6244762676820081
1,1,0,1,0,-0.20640428566434096,0.06203078869651993,-0.6500085257875706,0.23552820825545087,0.0,0,-0.18049881873703957,-0.47546978954312225
1,1,0,1,0,-0.9531047297019336,-0.22150668069613738,-0.34220402679249257,0.23552820825545087,1.0,1,-0.9742802614529823,0.7793966330539681
0,1,0,0,0,-0.39015711879319126,-0.6601415692437526,-0.7070093589348073,0.23552820825545087,1.0,1,-0.5566773303767529,-0.3174269239382258
0,1,0,1,1,-0.7721572833384093,-0.6601415692437526,0.5492890036302893,-2.8057255568794965,1.0,2,-0.9225557161025217,1.443089827884355
0,1,1,1,0,0.14169745546652177,-0.6601415692437526,-0.13472099413655086,0.23552820825545087,1.0,1,-0.04726892919797444,-0.36045110410872905
1,1,1,1,0,2.279402170644902,-0.6601415692437526,-0.9053722582871909,0.23552820825545087,0.0,2,2.000216969869608,-0.7483048512006
1,1,2,1,0,-0.6503567412771739,0.9455206185391106,-1.076374757728901,0.23552820825545087,1.0,2,-0.36081819696529027,-0.5748844073461888
1,1,2,0,0,-0.3889882076409721,-0.333225290431193,1.2424191347006874,0.23552820825545087,0.0,1,-0.4649390350084252,0.5003192017556969
1,1,0,0,0,-0.6246406959283526,-0.6601415692437526,-0.8882720083430199,0.23552820825545087,1.0,1,-0.7812648584568913,-0.22021058887208605
0,1,0,1,0,-0.44743376525192957,0.21454325086556178,-0.3091435435670952,0.23552820825545087,1.0,2,-0.36908068927451965,-0.26335934210704803
1,1,0,1,0,-0.15029655035782177,-0.6601415692437526,0.31102552107483994,0.23552820825545087,0.0,2,-0.32693973933964227,-0.04948114457408722
1,0,0,1,1,-0.2559661185184329,0.6752310536992725,-0.3536041934219399,0.23552820825545087,1.0,2,-0.057994495095320946,-0.42236648046663194
0,1,2,0,0,-0.328672392186464,0.2537215051833506,0.6450504033176467,0.23552820825545087,1.0,1,-0.24447155729386458,0.0070799862876675295
1,1,0,1,1,-0.7417655933807115,-0.6601415692437526,-0.16892149402489287,0.23552820825545087,0.0,1,-0.8934466646065915,0.6161971754295501
1,1,0,1,0,-0.7892233861608089,-0.6601415692437526,0.27910505451238726,0.23552820825545087,1.0,0,-0.9389015680963901,1.2659194678827832
0,1,1,0,1,-0.9769505172072043,0.020994596545104036,-0.8951121083206883,0.23552820825545087,0.0,1,-0.9299001537107257,0.023790616556199354
1,1,0,1,0,-0.013767727778625121,0.6345179811710961,1.2994199678479241,-2.8057255568794965,1.0,2,0.16269689839997742,-0.06223158935045267
1,1,0,1,0,-0.32446431203847503,-0.6601415692437526,0.8684936692548147,0.23552820825545087,0.0,2,-0.4937569959893961,0.3744364962506493
1,1,0,1,0,-0.7576627850508918,0.707623795929032,1.4898027505596945,0.23552820825545087,1.0,0,-0.5295387377513164,0.7335675788536311
1,1,2,1,0,0.10546120974772813,0.007100452745805693,1.3769411009281656,0.23552820825545087,0.0,2,0.10297855967717297,-0.008206352722785736
1,0,0,1,0,0.7649608818297723,0.40486070895362475,-0.3878046933102819,0.23552820825545087,1.0,0,0.8449011075742122,-0.6060385832446676
1,1,0,0,0,-0.4133015596071304,-0.6601415692437526,0.18904373813975323,0.23552820825545087,1.0,1,-0.5788449926698074,0.1648868065939024
1,0,0,1,0,-0.85094189499798,1.3301945300057298,-0.26582291037519523,0.23552820825545087,1.0,0,-0.44630924205102984,-0.19173715354436113
1,1,0,0,0,-0.6926713249875072,5.133312495534592,0.7670321862527334,0.23552820825545087,0.0,2,0.759477237222694,-0.38586897747359294
1,1,2,1,0,-0.9519358185497144,-0.6601415692437526,0.2905052211418346,0.23552820825545087,1.0,0,-1.0947469514899857,2.8920212877219083
1,0,3,0,0,-0.49676181587557766,1.8714198989318849,-0.7434898921490387,0.23552820825545087,1.0,1,0.0429467388613353,-0.5629799613864674
1,0,0,1,0,-0.521075167841736,-0.6601415692437526,1.3940413508723366,0.23552820825545087,1.0,2,-0.6820701675899906,1.0651757808794997
1,1,0,0,0,-0.9743789126723221,0.0373121375186985,-0.32396376018537676,0.23552820825545087,1.0,1,-0.9229139813517024,0.57613912586331
1,1,2,1,0,3.3592422930649524,-0.6601415692437526,-0.21794221053151655,-2.8057255568794965,1.0,1,3.034483961098082,-0.7117722408178396
1,0,1,0,0,-0.0581863515629528,-0.6601415692437526,-1.0649745910994537,0.23552820825545087,1.0,1,-0.23871692172889997,-0.6018761968909931
0,1,0,1,0,2.0287876196091164,-0.3951834781873662,2.963844295747235,0.23552820825545087,0.0,1,1.833623629000592,-0.28019107248108965
1,0,0,1,1,-0.31791840958604783,-0.6601415692437526,-0.10280052757409851,0.23552820825545087,1.0,0,-0.4874873541287342,-0.08338297491649084
1,0,3,1,1,0.0278455092403766,-0.6601415692437526,4.318184091325579,0.23552820825545087,1.0,2,-0.15631591441734372,1.1459839099994658
1,1,0,1,0,-0.4850727043533862,0.3202033676648768,-0.2715229936899189,0.23552820825545087,1.0,1,-0.3758429458528049,-0.24383693067173645
1,0,0,0,0,0.8827871259734625,0.2762590989043055,2.4964374639398943,0.23552820825545087,0.0,0,0.9221072687726489,-0.12758363455127672
0,1,0,0,0,0.5812080487009219,0.3126908364245585,0.48658808716832896,0.23552820825545087,1.0,1,0.6433545133320062,-0.4125808076471911
0,1,0,1,1,-0.7988084576090059,-0.6601415692437526,-0.6317682591804548,0.23552820825545087,0.0,0,-0.9480821151066451,0.3495578128278348
1,0,0,1,0,-0.4703444238354249,-0.6601415692437526,2.2912344646098424,0.23552820825545087,0.0,2,-0.6334804431698611,1.430864237519472
1,1,0,1,0,-0.39553411009339934,-0.6601415692437526,0.3247057210301766,-2.8057255568794965,0.0,2,-0.5618273933337251,0.21054753087059463
1,1,0,1,0,0.13094347286610558,-0.6601415692437526,-0.44138547646868426,0.23552820825545087,1.0,1,-0.05756905511191897,-0.449009214082459
1,0,0,1,0,-0.9063482836131677,-0.6601415692437526,-0.2977433769376479,0.23552820825545087,0.0,1,-1.0510833742460903,1.3482391456681546
1,0,2,1,0,-0.6129515844061612,0.4088997042441184,-0.7651502087449886,-2.8057255568794965,1.0,1,-0.47373892519142563,-0.3967434415445481
1,0,2,1,0,-0.5007361137931228,-0.6601415692437526,-0.45620569308696596,0.23552820825545087,1.0,0,-0.6625894946657912,-0.0821986546486655
1,1,2,1,0,0.8287834307409379,-0.6601415692437526,-0.14498114410305352,2.2630307183454157,1.0,0,0.610819550390786,-0.5291754100047432
1,1,3,1,0,-0.5554411557169789,-0.23758188195230226,-0.3786845600067239,2.2630307183454157,1.0,0,-0.5978554424544572,-0.11109118275378145
1,0,1,1,0,-0.44930402309548023,-0.151308942547357,-0.45620569308696596,0.23552820825545087,1.0,0,-0.4722834726166291,-0.2575239257114158
1,1,0,0,0,-0.7871193460868144,0.1888552408180219,-0.4402454598057396,0.23552820825545087,1.0,1,-0.7015508405141901,-0.022539128234146368
1,0,1,0,1,-0.47455250398341386,-0.6601415692437526,-0.5428469594707657,-5.2387285689874545,1.0,0,-0.6375109272231436,-0.1601306458083999
1,0,2,1,0,-0.8240569384969395,-0.6601415692437526,-0.7001692589571389,0.23552820825545087,1.0,0,-0.9722650194263409,0.3594177576311292
1,1,0,0,0,-0.9033091146173978,0.022287075038061946,-0.789090558666828,0.23552820825545087,0.0,0,-0.8590084175290986,-0.02567922986954557
1,1,1,0,0,1.3129464299901095,-0.6601415692437526,0.36802635422207663,-2.8057255568794965,1.0,1,1.0745491322990277,-0.50973374144038
1,0,3,0,0,1.4239929894509287,-0.6601415692437526,-0.041239627775082825,0.23552820825545087,1.0,1,1.180909128149542,-0.5859451382217353
1,1,3,1,0,-0.49278751795803255,1.0427796251341985,0.043121605282827526,0.23552820825545087,1.0,0,-0.18293950074708287,-0.24194066463205763
1,1,1,1,0,2.157134064122779,-0.6601415692437526,-0.0549198277304195,0.23552820825545087,1.0,0,1.8831090165436735,-0.6445827113083394
0,1,0,1,0,-0.3006185245332044,-0.09896356358255867,-0.33992399346660307,0.23552820825545087,1.0,1,-0.3153632934754916,-0.30679634666949684
1,1,0,1,0,-1.0332920347441672,1.0941556452292782,-0.11192066087765618,0.23552820825545087,1.0,1,-0.6863917421582326,0.15788306029671395
1,1,1,0,0,-0.632355509532999,-0.6601415692437526,0.2813850878382769,0.23552820825545087,1.0,0,-0.7886540792212428,0.6470684832745591
1,0,2,1,0,-0.9479615206321694,-0.6601415692437526,0.0704820051935012,0.23552820825545087,1.0,1,-1.090940383217441,2.428569282088545
1,1,0,0,0,0.056366941354523845,-0.036359136579906415,1.5490836170328206,0.23552820825545087,1.0,2,0.04390957671850842,0.07659687936949108
1,0,0,1,0,0.6335752683203398,-0.6601415692437526,-0.23390244381274286,0.23552820825545087,1.0,2,0.4238498734746189,-0.5143212522278376
1,1,0,0,0,1.203770128372841,-0.6601415692437526,1.4145616508053418,-2.8057255568794965,0.0,0,0.969980462694417,-0.3214279174318583
1,0,0,1,0,-1.0258110033699648,-0.6601415692437526,-0.2145221605426822,0.23552820825545087,1.0,2,-1.1655043382031698,3.4514061219294865
1,1,0,1,0,-0.3321791256431214,3.318834251233205,0.05452177191227486,0.23552820825545087,1.0,1,0.6017957444270478,-0.4883400245592918
1,0,0,1,0,-0.9739113482114345,-0.6601415692437526,-0.32396376018537676,0.23552820825545087,1.0,2,-1.1157950348793506,2.0665983448401506
1,1,0,1,0,0.7883391048741553,1.2299466668956764,1.715526049822752,0.23552820825545087,1.0,2,1.0960002640937208,-0.301835858013307
1,1,0,1,0,0.16367298512824177,1.216214082907998,3.0299652621980293,0.23552820825545087,1.0,0,0.49389072968944175,0.15509977254782714
1,1,0,0,0,1.3400651687215939,-0.4952697814857999,-0.776550375374436,0.23552820825545087,1.0,2,1.1462245737132375,-0.6949987595429735
1,1,0,1,0,-0.043925635505879176,-0.6601415692437526,0.575509386878018,0.23552820825545087,0.0,0,-0.22505805910388657,-0.03256738263768128
1,1,0,0,0,-0.9180373951353592,-0.6601415692437526,0.3896866708180266,0.23552820825545087,1.0,0,-1.0622791632829867,2.5375786524417934
1,0,3,1,1,-0.4460310718692666,0.23481900722384022,1.8238276328025016,0.23552820825545087,1.0,1,-0.3621169084935703,0.5853550195027667
1,1,0,1,0,1.2591765169880287,-0.6601415692437526,0.12976287166662723,0.23552820825545087,1.0,2,1.023048502729305,-0.5407742395400821
1,0,0,1,0,-0.8488378549239854,-0.6601415692437526,2.0632311320208956,0.23552820825545087,1.0,1,-0.996000092184561,3.865893844908948
1,1,0,1,0,-0.9234143864355673,0.44137322637968757,-0.08912032761876151,0.23552820825545087,1.0,2,-0.762097667625725,0.3149503150262194
1,1,3,1,0,-0.7174522414145531,-0.22942311146550498,0.09898242176711954,0.23552820825545087,1.0,0,-0.750767529120386,0.4195132299933977
1,1,1,1,1,-0.31441167612939036,0.3681058518101321,-0.9543929747938144,0.23552820825545087,1.0,2,-0.1991062201163612,-0.5729319869472745
1,0,0,1,0,-0.6926713249875072,-0.4992279968704838,-1.3362985568803,0.23552820825545087,0.0,2,-0.8018203271286328,-0.5318765643057813
1,1,1,1,0,-0.4560837077783513,-0.6601415692437526,0.43984740398759464,0.23552820825545087,1.0,0,-0.6198215805448476,0.36405041864851273
1,1,2,0,0,-0.7513506648289084,-0.6601415692437526,-1.3488387401726922,-2.8057255568794965,1.0,0,-0.9026272116168464,-0.46435948437454266
1,0,1,1,1,-0.8528121528415306,-0.07287165400596944,-0.4026249099285634,0.23552820825545087,1.0,1,-0.8370198878606345,0.24862728660500616
1,1,0,1,0,-0.4450959429474913,-0.6601415692437526,0.09670238844122987,0.23552820825545087,1.0,1,-0.6092975388501651,0.15925734287795207
1,0,0,1,1,-0.7029577431270356,-0.6601415692437526,-0.9703532080750408,0.23552820825545087,0.0,1,-0.8562766450040961,-0.18401448156780856
1,1,1,0,0,-0.9351034979577587,-0.09791342480703034,0.3098855044118953,0.23552820825545087,1.0,0,-0.9227796318832596,1.2062617693037327
0,0,0,1,0,1.5827311239222892,5.335746939494136,0.20500397142097956,0.23552820825545087,1.0,1,2.9949628257978382,-0.6736266206070202
1,1,0,1,1,-0.7417655933807115,-0.6601415692437526,-0.16892149402489287,0.23552820825545087,0.0,1,-0.8934466646065915,0.6161971754295501
1,0,0,1,0,-0.16759643541066518,0.1374792207229421,-1.0478743411552827,0.23552820825545087,1.0,1,-0.12241506521362201,-0.6203914643209764
1,1,0,1,0,-0.5991584328099752,-0.6601415692437526,0.3395259376484583,0.23552820825545087,0.0,0,-0.7568580383564575,0.5998584987116753
0,1,3,1,1,-0.08460374360310557,0.003950036419220631,-0.4630457930646343,0.23552820825545087,1.0,1,-0.07993824160763756,-0.44841584828138936
1,0,0,0,0,-0.5252832479897249,-0.6601415692437526,-0.776550375374436,0.23552820825545087,0.0,2,-0.6861006516432733,-0.24875637373164367
0,1,2,1,0,-0.25432964290532606,-0.6601415692437526,0.511668453753113,0.23552820825545087,1.0,0,-0.4265822617680187,0.12741368733613526
1,1,0,1,0,-0.559649235864968,0.46681889670979787,-1.216596807271103,0.23552820825545087,1.0,0,-0.40663136570426966,-0.6199305230369484
1,0,3,1,0,0.12159218364835239,-0.017295078808776253,-0.6545685924393495,0.23552820825545087,1.0,0,0.11166649196980448,-0.5530603651916036
1,1,1,1,0,0.2936559052550112,-0.6601415692437526,0.4273072206952026,0.23552820825545087,1.0,2,0.09827632828167655,-0.2600970767855653
1,0,0,1,0,-0.46660390814832364,-0.6601415692437526,3.9077780926654744,0.23552820825545087,1.0,0,-0.6298977906780543,2.323681547578841
1,1,0,1,0,0.9826121383729779,-0.6601415692437526,-1.2872778403736767,0.23552820825545087,1.0,2,0.7581561341163403,-0.7598769728075124
1,1,0,1,0,5.863517545579258,-0.30511388320935684,-1.1641560407756455,-1.791974301834514,1.0,2,5.531480789997048,-0.812192635160938
1,1,0,1,1,-0.21248262365588053,-0.1422615930966511,-0.05605984439336449,0.23552820825545087,1.0,2,-0.24294892998484666,-0.24291769509291045
1,0,0,0,1,0.02363742909238766,0.016470921819751082,-0.2840631769823112,0.23552820825545087,0.0,0,0.027205459475459364,-0.42981674250143415
1,1,1,1,0,0.85333056493754,0.47126179152934095,1.2982799511849792,-0.7782230467895316,1.0,0,0.9479471498698053,-0.335698832822301
1,0,0,0,0,1.1796905586371265,0.3250501620134692,-0.3114235768929847,0.23552820825545087,1.0,0,1.2200048234663836,-0.6301605753122891
1,0,0,1,0,-0.9739113482114345,-0.6601415692437526,-0.32396376018537676,0.23552820825545087,1.0,2,-1.1157950348793506,2.0665983448401506
1,1,0,0,0,-0.7595330428944425,0.5048662323462486,-0.6728088590464654,0.23552820825545087,1.0,2,-0.5875329249624389,-0.2765847610303283
0,1,1,0,1,-0.9769505172072043,0.020994596545104036,-0.8951121083206883,0.23552820825545087,0.0,1,-0.9299001537107257,0.023790616556199354
1,1,2,1,0,-0.16128431518868178,-0.6601415692437526,-1.0706746744141773,0.23552820825545087,1.0,0,-0.33746378103432473,-0.5792055018163271
1,0,0,1,0,-0.690099720452625,-0.22199136013099663,-0.8985321583095226,0.23552820825545087,0.0,1,-0.7225093575912598,-0.29042547956966935
1,1,0,1,0,-0.21154749473410522,-0.6601415692437526,-0.22478231050918487,0.23552820825545087,1.0,0,-0.3856056738929785,-0.21824893094985864
1,1,1,1,1,0.623756414641699,1.2532920596747297,0.8285930860517491,0.23552820825545087,1.0,2,0.9448347205175482,-0.4134541399217463
1,0,0,1,0,-0.827563671953597,-0.6601415692437526,-0.776550375374436,0.23552820825545087,1.0,1,-0.9756237561374098,0.28350979605252064
1,0,2,1,0,-0.284721332863024,-0.6601415692437526,-0.0549198277304195,0.23552820825545087,0.0,0,-0.4556913132639489,-0.09078361197205927
0,0,1,0,0,-0.31978866742959844,-0.6601415692437526,-0.874591808387683,0.23552820825545087,0.0,2,-0.48927868037463756,-0.4387953665100893
1,1,1,1,0,-0.43317304919485594,0.43361835542193977,0.1525632049255219,-0.7782230467895316,1.0,1,-0.2946958669133811,-0.13410858310699048
1,1,0,1,0,-0.7833788303997131,-0.6601415692437526,-0.5006663429418104,0.23552820825545087,1.0,2,-0.9333036735779421,0.4355732378621835
1,0,0,0,0,-0.25830394082287117,0.15823965651607974,0.10354248841889821,0.23552820825545087,1.0,0,-0.20353975257497192,-0.20994958119884222
1,1,0,0,0,-0.6926713249875072,5.133312495534592,0.7670321862527334,0.23552820825545087,0.0,2,0.759477237222694,-0.38586897747359294
1,1,0,0,0,-0.3882868609496406,0.2658384910548317,0.3805665375144686,0.23552820825545087,1.0,1,-0.2982113446709665,-0.04624954751916277
1,1,2,0,0,-0.427562275664204,-0.6601415692437526,-0.26468289371225057,-2.8057255568794965,1.0,0,-0.5925038552948209,-0.056194547111478664
0,0,0,1,0,1.1397137972312317,3.3163300741530994,-0.5816075260108866,0.23552820825545087,1.0,0,2.0108753610327335,-0.7119458804982204
0,0,0,1,0,-0.08694156590754387,-0.6601415692437526,-0.9065122749501358,0.23552820825545087,0.0,1,-0.2662585627596647,-0.5379174319028461
1,0,0,1,0,0.2973964209421125,-0.055746313974276145,-0.5234666762007051,0.23552820825545087,1.0,1,0.2693927679215985,-0.5510207516193079
1,1,2,1,0,0.28453839826770183,1.672216651204736,0.6712707865653756,-0.7782230467895316,0.0,0,0.736055646557507,-0.39823063444268303
0,1,0,1,0,-0.5977557394273122,-0.6601415692437526,2.98664462900613,0.23552820825545087,1.0,1,-0.75551454367203,2.4203529751924506
0,1,0,0,0,-0.896295647704083,-0.6601415692437526,0.58804957017041,0.23552820825545087,1.0,0,-1.0414549956743597,2.552863227078436
1,0,3,1,0,-0.7097374278099067,-0.3762002003220459,-0.17120152735078253,0.23552820825545087,1.0,0,-0.7840638057161153,0.3046541526157145
1,1,0,1,0,0.6866438346310892,-0.4510831730077989,0.9995955854934591,0.23552820825545087,1.0,1,0.5326281597571028,-0.28150730490005516
1,0,0,1,0,-0.19331248075948648,-0.09161259215386022,-0.6819289923500231,0.23552820825545087,1.0,2,-0.210548316512069,-0.4762791373733062
1,1,0,1,0,0.5914944668404505,-0.6601415692437526,-1.2872778403736767,0.23552820825545087,1.0,0,0.3835450329417925,-0.7410615662574673
1,1,0,1,0,-0.43878382272550787,0.7624733519739363,-0.5884476259885549,0.23552820825545087,1.0,1,-0.20891373131268212,-0.4446964467361201
1,1,0,0,0,-0.03527569297945747,0.9623228389475642,1.0018756188193485,0.23552820825545087,1.0,2,0.2329616703955382,-0.17088420567838966
1,1,1,0,0,4.133295258064473,0.47820886342899016,-0.10622057756293252,0.23552820825545087,0.0,1,4.091411229337234,-0.7300075677493405
1,0,0,1,0,-0.7969381997654552,1.5548434480629891,-0.9019522082983568,0.23552820825545087,1.0,1,-0.33231371807735244,-0.5152199861966236
1,0,3,1,0,-0.34456958385664443,-0.6601415692437526,-0.6306282425175102,0.23552820825545087,1.0,0,-0.5130137531328576,-0.3102725593507825
1,1,0,1,1,-0.8053543600614331,1.2280079491562395,0.19018375480269822,0.23552820825545087,1.0,2,-0.430971011070482,-0.006437447610972247
1,0,0,1,0,0.2973964209421125,-0.055746313974276145,-0.5234666762007051,0.23552820825545087,1.0,1,0.2693927679215985,-0.5510207516193079
0,0,0,1,0,-0.19939081875102604,0.008716050862003171,-0.7343697588454808,0.23552820825545087,0.0,2,-0.18855978684360486,-0.5012611130394347
1,1,0,0,1,-0.8023151910656634,0.7534260025232306,0.30190538777128195,0.23552820825545087,1.0,1,-0.5596106271044197,0.1958353880354412
1,0,1,0,0,-0.8796971093425711,-0.20979359435370568,-0.11078064421471151,0.23552820825545087,1.0,1,-0.9007239274805741,0.6974904064517352
1,1,1,1,0,1.3730284632141738,2.9182466983220405,-0.4584857264128553,0.23552820825545087,0.0,0,2.123997613461533,-0.7028393602419934
1,1,0,1,0,-0.4280298401250917,0.7243452364316759,0.8867339358619304,0.23552820825545087,1.0,0,-0.20918243024956779,0.06262342880388697
1,1,1,1,0,-0.6491878301249547,2.819614433328184,0.6940711198242704,0.23552820825545087,1.0,0,0.1597859932503844,-0.21619047319717305
1,0,0,1,0,-0.5381412706641355,0.37755710078988725,-1.1436357408426403,0.23552820825545087,1.0,1,-0.41077380764792126,-0.5881080122918552
1,1,1,1,0,0.2913180829505729,-0.6601415692437526,0.3201456543783976,0.23552820825545087,1.0,1,0.0960371704742973,-0.2879477841510761
1,1,2,1,0,-0.3609343399877125,-0.6601415692437526,-1.1071552076284088,0.23552820825545087,1.0,0,-0.5286878577845123,-0.5311643249545738
0,1,0,0,0,0.28313570488503886,-0.37369602324193973,-0.08342024430403784,0.23552820825545087,0.0,2,0.1676006539981381,-0.41821643615043613
0,0,0,1,0,-0.5947165704315424,-0.6601415692437526,-0.11762074419237985,0.23552820825545087,1.0,2,-0.752603638522437,0.2752942822058575
1,1,2,0,0,-0.6470837900509603,1.319854702062066,0.9699551522568958,0.23552820825545087,1.0,0,-0.25392080324100497,0.13126787242366417
1,0,0,1,0,-0.7314791752411829,-0.6601415692437526,1.1648980016204455,0.23552820825545087,0.0,0,-0.8835943702541228,1.7836604147089192
1,1,0,1,0,-0.2559661185184329,-0.6601415692437526,0.9254945024020514,0.23552820825545087,0.0,1,-0.4281496722331842,0.30720138986371665
1,0,0,1,0,-0.42312041328577127,-0.6601415692437526,-0.549687059448434,0.23552820825545087,1.0,2,-0.5882494554608003,-0.21112101233590516
0,0,0,1,0,0.18214178133330433,-0.43670434977364136,-0.2156621772056272,0.23552820825545087,1.0,2,0.05340360582179654,-0.4188900204532084
0,1,2,1,0,-0.6377325008332071,0.6255514116262,-0.3479041101072162,0.23552820825545087,1.0,1,-0.4374197855557343,-0.23415969366100334
1,0,0,0,1,-0.1315939719223154,-0.6601415692437526,-0.34334404345543723,0.23552820825545087,1.0,0,-0.3090264768806083,-0.31152992836399596
1,0,0,1,0,-0.5545060267952037,0.04127035290338231,0.10696253840773255,0.23552820825545087,1.0,2,-0.5196640518207739,0.04884746693298713
1,1,0,0,0,-0.9895747576511711,-0.46473497708966766,-0.7617301587561545,0.23552820825545087,1.0,0,-1.0766321648282877,0.8193301304491235
1,0,0,1,1,-0.46146069907855936,-0.6601415692437526,0.401086837447474,0.23552820825545087,0.0,1,-0.6249716435018199,0.35173449728507766
1,0,3,1,0,-0.8570202329895196,0.1321477469394904,-0.7309497088566467,0.23552820825545087,1.0,2,-0.7842205467626319,-0.10218651674477035
1,1,3,1,0,-0.10213741088639282,-0.6601415692437526,2.1840728982930373,0.23552820825545087,1.0,0,-0.2808130885076298,0.6038302692243929
1,0,0,1,0,3.079638745454132,1.0005317343956348,-1.1048751743025194,0.23552820825545087,1.0,0,3.227006749376549,-0.7908773276956524
1,1,1,0,0,-0.8044192311396579,0.5944511478893986,-0.4014848932656186,0.23552820825545087,1.0,0,-0.6056924947802846,-0.11512835801697484
1,0,0,1,0,-0.4093272616895853,-0.6601415692437526,-0.2760830603416979,0.23552820825545087,0.0,0,-0.5750384243972627,-0.08109267904833241
1,1,0,1,0,-0.41353534183757423,0.430871838624404,-0.6648287424058521,-2.8057255568794965,1.0,1,-0.27664825498590434,-0.4462244605181426
1,0,0,0,1,0.02363742909238766,0.016470921819751082,-0.2840631769823112,0.23552820825545087,0.0,0,0.027205459475459364,-0.42981674250143415
1,0,1,1,0,0.2969288564812248,0.7017268628049113,-0.22478231050918487,-0.7782230467895316,0.0,1,0.47891076395807447,-0.5226178858810488
0,1,0,1,1,-0.5042428472497802,0.4332144558928904,-0.11078064421471151,0.23552820825545087,1.0,0,-0.36287822214807913,-0.18781173580037216
1,1,2,1,0,1.309673478763896,-0.6601415692437526,0.37030638754796597,0.23552820825545087,0.0,2,1.071414311368697,-0.5089307037223343
0,1,0,1,0,0.08442080900778344,-0.6601415692437526,-0.678508942361189,2.2630307183454157,1.0,0,-0.10212829547876597,-0.5085389794590766
1,0,2,0,0,1.4151092646940633,-0.6601415692437526,-0.0902603442817065,0.23552820825545087,1.0,1,1.1724003284815008,-0.5924905002672752
1,0,0,1,1,-0.7029577431270356,-0.6601415692437526,-0.9703532080750408,0.23552820825545087,0.0,1,-0.8562766450040961,-0.18401448156780856
1,0,1,1,0,1.9132991977698648,-0.6601415692437526,0.2129840880615929,0.23552820825545087,1.0,2,1.6495648572340182,-0.5946989686961376
0,0,3,1,0,0.7490636901595918,-0.6601415692437526,3.523592477253099,0.23552820825545087,1.0,2,0.5344642691591537,0.2338986412445797
0,1,2,0,1,-0.4350433070384066,0.9838910737988008,-0.7697102753967677,0.23552820825545087,1.0,1,-0.14395576332061033,-0.5259709799886861
1,1,0,1,0,0.19266198170327667,1.715676240530448,-0.05719986105630916,0.23552820825545087,1.0,2,0.6601034137312032,-0.5203088887529238
1,1,0,1,0,-0.7878206927781459,-0.6601415692437526,-0.3638643433884424,-0.7782230467895316,1.0,0,-0.9375580734119626,0.5922757040564225
1,1,2,1,1,-0.6424081454420837,-0.5100525042490068,-0.050359761078640826,2.2630307183454157,1.0,0,-0.7566789057318671,0.330145767316046
1,1,3,0,0,-0.19939081875102604,-0.6601415692437526,-1.0307740912111116,0.23552820825545087,0.0,1,-0.3739620532946064,-0.552586974853896
1,1,2,1,0,-0.3106711604422891,-0.6601415692437526,0.7111713697684414,0.23552820825545087,1.0,1,-0.48054596492585855,0.2827632760801298
0,0,0,0,0,-0.1792855469328567,0.2180167868153863,-0.22478231050918487,0.23552820825545087,1.0,1,-0.111286450910947,-0.3627946266247436
0,0,0,1,0,1.0812682396202742,0.9005262110030107,-0.22478231050918487,0.23552820825545087,1.0,0,1.2852538819734147,-0.6230016932820827
1,1,0,1,0,0.4830195119145134,-0.6601415692437526,-0.6386083591581233,-2.8057255568794965,1.0,1,0.2796481106793955,-0.5802617141762052
0,1,0,1,1,-0.7408304644589361,-0.6601415692437526,-1.0364741745258352,-0.7782230467895316,1.0,0,-0.8925510014836397,-0.18606675495748334
1,0,2,1,0,-0.9479615206321694,-0.6601415692437526,0.0704820051935012,0.23552820825545087,1.0,1,-1.090940383217441,2.428569282088545
1,1,1,0,0,-0.21598935711253797,-0.6601415692437526,-0.5018063596047553,0.23552820825545087,0.0,0,-0.38986007372699905,-0.3294883247537446
1,1,0,0,0,-0.7628059941206561,0.9782364803921095,-0.9190524582425277,0.23552820825545087,0.0,2,-0.4594530983803461,-0.47303552462375764
0,1,2,1,0,-0.5961192638142054,-0.23984371931497878,1.0600164686295297,0.23552820825545087,1.0,2,-0.6374437524889223,0.7473555680951863
1,0,0,1,0,-0.690099720452625,-0.22199136013099663,-0.8985321583095226,0.23552820825545087,0.0,1,-0.7225093575912598,-0.29042547956966935
0,0,2,1,0,-0.33919259255643636,-0.6601415692437526,-1.0957550409989614,0.23552820825545087,1.0,2,-0.5078636901758853,-0.5340046783456374
1,0,0,0,0,1.1796905586371265,0.3250501620134692,-0.3114235768929847,0.23552820825545087,1.0,0,1.2200048234663836,-0.6301605753122891
1,1,2,1,0,-0.3976381501673938,-0.2501027673528327,-0.06974004434870117,0.23552820825545087,1.0,1,-0.45018298505779597,-0.10221209377151
1,0,0,1,0,-0.7314791752411829,-0.6601415692437526,1.1648980016204455,0.23552820825545087,0.0,0,-0.8835943702541228,1.7836604147089192
1,1,1,1,0,4.335049322937499,-0.6601415692437526,0.3383859209855136,-2.8057255568794965,1.0,0,3.9691084298981796,-0.6957125548124221
1,1,0,0,0,0.40376733579405505,-0.045810385559661694,0.772732269567457,-3.8194768119244786,0.0,1,0.3740286122604307,-0.2789870438290923
1,0,2,1,0,-0.3027225646071989,-0.6601415692437526,-1.007973757952217,0.23552820825545087,1.0,2,-0.4729328283807691,-0.507308841308405
0,1,0,1,0,2.231009248943029,0.46455705934712144,-0.8438113584881753,0.23552820825545087,1.0,1,2.26562434477827,-0.7489857238207276
1,0,0,1,0,1.5794581726960757,-0.6601415692437526,0.9676751189310064,0.23552820825545087,1.0,0,1.3298131223402618,-0.45671978875098246
0,1,2,1,0,-0.47011064160498106,-0.6601415692437526,2.081471398628011,0.23552820825545087,1.0,0,-0.6332565273891231,1.3120762689132188
1,0,0,1,0,-0.5236467723766182,0.30630922386557863,-0.7058693422718625,0.23552820825545087,1.0,1,-0.41664040110325484,-0.40052036426790705
1,1,1,1,0,0.07530330202047407,0.8033479843137326,0.39196670414391593,0.23552820825545087,1.0,1,0.2948072090353529,-0.3404309606924829
0,1,2,0,0,-0.9339345868055395,-0.6601415692437526,-0.17348156067667186,0.23552820825545087,1.0,1,-1.0775054363731655,1.818807279242444
1,1,1,1,1,1.8113701452963549,0.13982183799142844,0.1696634548696929,0.23552820825545087,1.0,1,1.7736813744970497,-0.6100688994169234
0,0,0,1,0,-0.758831696203111,0.7892922807028144,-0.5268867261895392,0.23552820825545087,1.0,2,-0.5080204312224018,-0.2645059947687434
1,1,3,1,0,-0.521075167841736,-0.6601415692437526,-0.036679561123303825,0.23552820825545087,1.0,1,-0.6820701675899906,0.19654986599969648
1,0,3,0,0,-0.49676181587557766,1.8714198989318849,-0.7434898921490387,0.23552820825545087,1.0,1,0.0429467388613353,-0.5629799613864674
1,0,1,1,0,-0.7317129574716267,1.3738156791430618,2.3368351311276316,0.23552820825545087,1.0,2,-0.32002074171484046,0.7202628216718983
1,0,2,1,1,-0.9582479387716979,-0.6601415692437526,-0.605547875932726,0.23552820825545087,1.0,2,-1.1007926775699097,1.3159942028281832
1,1,0,1,0,-0.8511756772284238,-0.6601415692437526,-0.05833987771925383,0.23552820825545087,0.0,1,-0.9982392499919402,1.2616138014561669
1,1,0,1,0,1.0258618510050863,-0.6601415692437526,-0.9486928914790907,0.23552820825545087,1.0,0,0.7995805535528564,-0.7010712571829076
1,0,0,1,0,-0.48694296219693683,0.08771879874405979,-0.7651502087449886,0.23552820825545087,1.0,1,-0.44207723379508307,-0.41327199044083895
1,1,3,1,0,2.2548550364483,0.8774231579413868,0.3509261042779056,0.23552820825545087,0.0,0,2.402907109948692,-0.6315395809858811
1,1,0,1,0,-1.0314217769006166,0.3637437368963989,-0.4128850598950659,0.23552820825545087,1.0,1,-0.8870650648555607,0.37189202757441286
1,1,1,1,0,2.279402170644902,-0.6601415692437526,-0.9053722582871909,0.23552820825545087,0.0,2,2.000216969869608,-0.7483048512006
1,1,2,0,0,0.9501164083412855,0.797935730624471,-0.5553871427631576,0.23552820825545087,1.0,1,1.1311998248257227,-0.6599625877228691
1,1,1,1,0,0.26887498882796523,0.94592451806816,-0.10964062755176684,0.23552820825545087,1.0,2,0.5197306107865982,-0.5061093704403512
1,0,1,0,0,0.21580642251721582,0.19895272904425615,-0.049219744415695835,0.23552820825545087,1.0,1,0.26184680611073047,-0.4357285584907457
1,1,2,1,0,-1.0134205451564418,-0.6601415692437526,-0.5177665928859815,-2.8057255568794965,1.0,1,-1.15363680182406,2.323421171581786
1,0,0,1,0,-0.7969381997654552,1.5548434480629891,-0.9019522082983568,0.23552820825545087,1.0,1,-0.33231371807735244,-0.5152199861966236
1,0,0,1,0,-0.049536409036531094,-0.6601415692437526,0.13888300497018521,0.23552820825545087,1.0,0,-0.23043203784159677,-0.181598701159331
1,1,0,1,0,-0.06823898747203748,-0.6601415692437526,-0.8358312418475622,-2.8057255568794965,1.0,1,-0.24834530030063073,-0.5179319419441524
1,1,0,1,1,0.5557257855825445,-0.1686766222964799,0.06820197186761154,0.23552820825545087,0.0,2,0.48551627948984327,-0.4622728974913322
1,1,1,1,0,-0.4913848245753696,0.2974234342264925,-0.44366550979457375,0.23552820825545087,1.0,0,-0.3882030969495384,-0.306506932392677
1,0,0,1,0,4.099163052419674,0.366894153222984,0.7180114697461097,0.23552820825545087,0.0,0,4.027863930763811,-0.6706354769516774
1,0,0,1,1,-0.9294927244271068,-0.6601415692437526,0.11266262172245621,0.23552820825545087,1.0,1,-1.073251036539145,2.2426775007662276
1,1,0,1,0,1.1897431945462111,0.26204183548176757,-0.7400698421602045,-2.8057255568794965,0.0,2,1.2121677711405563,-0.6934760490266907
1,0,0,1,1,-0.8570202329895196,1.8306260464978985,-1.23027700722644,0.23552820825545087,1.0,0,-0.3134152261830717,-0.6463496752943775
1,0,1,0,0,-0.6463824433596288,-0.6601415692437526,-1.1516158574832533,0.23552820825545087,1.0,1,-0.8020890260655182,-0.3925350034163878
1,1,2,1,0,-0.2169244860343133,0.3371671478849503,-0.07886017765225917,0.23552820825545087,1.0,0,-0.11430931395090899,-0.315408881486217
1,1,0,0,0,0.5615703413436403,-0.6601415692437526,-1.1459157741685297,0.23552820825545087,1.0,2,0.3548838130073381,-0.707236533404268
1,1,0,1,0,0.46314802232678787,-0.6601415692437526,3.1679072784143423,0.23552820825545087,1.0,1,0.2606152693166719,0.33768781994749675
1,1,0,1,0,0.5218273621681891,1.2277656094388096,1.1968184681828982,0.23552820825545087,1.0,0,0.8401317014444946,-0.32784462169140643
1,0,0,0,1,-0.970404614754777,-0.5338017965571098,-0.558807192751992,-1.791974301834514,0.0,1,-1.0774158700608705,1.1675842865486061
0,1,2,1,0,-0.6772416977782144,-0.29170441884491777,0.09442235511534054,0.23552820825545087,1.0,0,-0.7295179215283569,0.3694042090586847
1,0,0,0,0,0.9863526540600792,-0.009055528416169082,1.0144158021117404,0.23552820825545087,1.0,2,0.9422149058829143,-0.3818727310613123
1,0,1,1,1,-0.5315953682117084,0.6086684113119365,-0.10166051091115384,0.23552820825545087,1.0,0,-0.34044186091813916,-0.19960542800157
1,0,0,1,0,-0.9257522087400055,-0.6601415692437526,-1.2108967239563795,0.23552820825545087,1.0,1,-1.0696683840473382,0.03661408614686584
1,0,0,0,0,-0.5888720146704467,-0.23338132685018886,-0.8312711751957832,2.2630307183454157,1.0,0,-0.6287110370401432,-0.33028861007114474
1,0,0,1,0,-0.3983394968587253,0.25953765840166154,-0.32852382683715575,0.23552820825545087,1.0,1,-0.3095862663324531,-0.30561611504106106
1,1,0,1,0,-0.640537887598533,-0.6601415692437526,0.48772810383127363,0.23552820825545087,0.0,1,-0.7964911315470702,0.824065814068602
0,0,0,0,0,-0.8217191161925013,2.7452161400772908,5.251857738277315,0.23552820825545087,1.0,2,-0.02608649634016669,1.2173272629572849
0,1,0,0,0,0.9924309920516188,-0.6601415692437526,-0.8529314917917332,2.2630307183454157,1.0,0,0.7675605969073331,-0.6814822094876317
0,0,0,1,0,-0.911257710452488,-0.6601415692437526,0.931194585716775,0.23552820825545087,1.0,0,-1.0557856056415869,3.2801405621600033
1,1,2,1,0,-0.5009698960235667,-0.6601415692437526,-0.5109264929083132,0.23552820825545087,1.0,0,-0.6628134104465292,-0.114148377314369
1,0,1,1,1,-0.2045340278207903,-0.6601415692437526,-0.7902305753297728,0.23552820825545087,1.0,1,-0.37888820047084076,-0.45307377207185334
1,1,0,0,1,0.5830783065444726,-0.6601415692437526,0.6165499867440284,-2.8057255568794965,1.0,2,0.37548406483522717,-0.3144361387245391
0,1,0,0,0,1.1591177223580695,0.5303119026763589,-0.9509729248049802,0.23552820825545087,1.0,2,1.257197234646953,-0.7270613812167183
1,1,0,0,0,-0.16362213749312007,-0.6601415692437526,-0.4619057764016896,0.23552820825545087,1.0,1,-0.33970293884170394,-0.34080917719123355
1,0,0,1,0,1.33983138649115,-0.07537583108607555,0.4672078038982683,0.23552820825545087,1.0,0,1.2623920807600726,-0.5197575490856474
1,1,2,1,1,-0.5687667428522772,5.119903031170153,-1.3100781736325713,0.23552820825545087,0.0,1,0.8744355990535444,-0.768330685386206
1,1,0,1,0,-0.5007361137931228,1.3554786405242203,1.102197085158485,0.23552820825545087,0.0,1,-0.10387483856852182,0.05030200228235601
0,0,2,0,0,0.8484211380982195,-0.6601415692437526,-0.5724873927073286,0.23552820825545087,1.0,2,0.6296284759727716,-0.6153311692750255
1,0,1,1,0,-0.18700036053750307,-0.10938417143203248,-0.9133523749278041,-4.427727564951469,0.0,1,-0.20942873760837938,-0.5562469968507997
1,1,0,1,0,-0.2826172927890295,0.5859692577793618,-1.0729547077400667,2.2630307183454157,1.0,1,-0.10826358787098501,-0.6309455795246235
1,1,0,1,0,1.694245247843996,-0.6601415692437526,-1.4263598732529341,0.23552820825545087,1.0,2,1.4397557706825828,-0.7999477279864228
0,1,0,1,0,-0.7798720969430557,-0.21157075228152292,0.07276203851939053,0.23552820825545087,1.0,1,-0.8056045038231037,0.5399101801737697
1,1,0,0,0,-0.3466736239306389,-0.6601415692437526,0.5424489036526207,0.23552820825545087,1.0,0,-0.515028995159499,0.25167550961806656
1,1,0,1,0,0.09470722714731195,-0.6601415692437526,-0.8449513751511201,0.23552820825545087,0.0,0,-0.09227600112629729,-0.5629674144416498
1,0,1,0,0,0.5580636078869828,0.0347271805327826,0.46606778723532366,0.23552820825545087,0.0,2,0.5441374308870321,-0.39351564147217716
1,0,2,1,0,-0.2690579234232874,-0.6601415692437526,1.2275989180824058,0.23552820825545087,1.0,0,-0.44068895595450797,0.4558847296142457
0,1,2,0,0,-0.3539208730743976,0.184977805339148,-0.25442274374574786,-5.2387285689874545,1.0,2,-0.2877096945543579,-0.2898085170662276
1,1,0,1,0,-0.27513626141482694,0.11041795227663437,-0.10964062755176684,0.23552820825545087,1.0,2,-0.2329175030077878,-0.26740718823078646
1,1,0,0,0,-0.5933138770488794,-0.6601415692437526,-1.1367956408649718,0.23552820825545087,1.0,2,-0.7512601438380093,-0.4242873504257639
0,0,0,1,1,0.07857625324668768,-0.6601415692437526,-0.9019522082983568,0.23552820825545087,1.0,1,-0.10772618999721408,-0.5772497762016998
0,1,2,1,1,-0.7723910655688532,-0.6601415692437526,-0.13358097747360617,0.23552820825545087,0.0,1,-0.9227796318832596,0.7650482579114998
1,1,3,1,1,-0.3936638522498487,0.9730665664202776,-0.3684244100402214,0.23552820825545087,1.0,1,-0.10732314159188577,-0.4095656214160067
1,1,3,0,0,-1.0290839545961783,-0.6601415692437526,-0.22478231050918487,0.23552820825545087,1.0,0,-1.1686391591335008,3.5248444427947416
1,0,0,1,0,1.3898607838061297,-0.6601415692437526,-0.21794221053151655,0.23552820825545087,0.0,0,1.148217424161805,-0.6095586314921584
0,1,3,1,1,0.4916694544409351,1.6271414637628263,-0.4516456264351869,0.23552820825545087,0.0,0,0.9219505277261322,-0.6250805059890195
1,1,2,1,0,-0.7356872553891718,-0.6601415692437526,-1.149335824157364,0.23552820825545087,1.0,0,-0.8876248543074055,-0.2966454863006006
1,0,0,1,0,-0.6889308093004058,0.2101003560460187,-0.35588422674782927,0.23552820825545087,1.0,0,-0.6016172275708543,-0.0948919444689132
1,1,0,1,0,-0.8296677120275915,-0.6601415692437526,-0.9236125248943067,0.23552820825545087,1.0,2,-0.9776389981640511,0.11932562455824368
1,0,3,1,0,-0.259940416435978,-0.6601415692437526,0.016901222035098525,0.23552820825545087,1.0,1,-0.4319562405057289,-0.08036410148552843
1,0,0,1,0,-0.24427700699624139,-0.6601415692437526,-1.106015190965464,0.23552820825545087,0.0,1,-0.41695388319628796,-0.5703333173414419
1,1,0,1,0,-0.15029655035782177,-0.6601415692437526,0.31102552107483994,0.23552820825545087,0.0,2,-0.32693973933964227,-0.04948114457408722
1,0,0,1,0,-0.7765991457168421,2.198416957650254,-0.26924296036402956,0.23552820825545087,1.0,1,-0.13443934263924853,-0.36753113602913
0,1,0,1,0,-0.39787193239783764,0.7241028967142462,-0.8369712585105069,0.23552820825545087,1.0,2,-0.18036446926859673,-0.5381435520669201
1,1,3,1,0,0.07530330202047407,0.02713386938665438,-1.4001394900052053,0.23552820825545087,1.0,2,0.07964653532428126,-0.7489688376783177
1,1,0,1,0,1.4574238484043964,-0.6601415692437526,0.6632906699247627,0.23552820825545087,1.0,0,1.2129290847950651,-0.4841058093574251
1,0,0,1,0,-0.6657863684864667,-0.6601415692437526,-0.5998477926180023,0.23552820825545087,1.0,0,-0.820674035866766,0.05693395461068383
1,0,0,1,0,-0.8719822957379246,-0.6601415692437526,-0.793650625318607,0.23552820825545087,0.0,1,-1.0181677544776155,0.4312206757848696
1,1,0,1,1,1.3625082628442016,-0.6601415692437526,0.2893652044788899,0.23552820825545087,0.0,1,1.1220192778154678,-0.528473176153901
0,1,0,1,0,1.4331104964382382,-0.6601415692437526,2.123652015156966,0.23552820825545087,1.0,2,1.189641843598321,-0.26077451047288824
1,0,2,1,0,-0.948429085093057,-0.6601415692437526,-0.754890058778486,-2.8057255568794965,1.0,0,-1.091388214778917,0.9495390954472982
1,0,0,0,0,-0.7557925272073412,-0.6601415692437526,-0.22478231050918487,0.23552820825545087,0.0,0,-0.906881611450867,0.6128338449749193
1,1,2,1,0,-0.9514682540888268,-0.6601415692437526,-0.4379654264798501,0.23552820825545087,0.0,1,-1.09429911992851,1.5536784630599187
1,1,1,1,0,-0.7239981438669804,-0.6601415692437526,-0.26582291037519523,0.23552820825545087,1.0,0,-0.8764290652705092,0.4716134573186655
1,1,0,1,0,-0.7936652485392417,-0.6601415692437526,0.16168333822907988,-2.8057255568794965,1.0,0,-0.9431559679304108,1.167602651808859
1,0,0,1,0,-0.7363886020805033,-0.3997071529127192,-1.225716940574661,0.23552820825545087,1.0,2,-0.8161061539397123,-0.4368948853742058
1,1,2,1,0,-0.486709179966493,5.392858332901717,-0.8403913084993411,-2.8057255568794965,1.0,2,1.028691180403901,-0.6977366196699892
0,1,0,1,0,-0.6045354241101832,1.3309215491580189,-1.1903764240233743,2.2630307183454157,0.0,0,-0.21010048495059316,-0.6514005871765204
1,1,1,0,0,0.40750785148115637,0.29411145808828754,-0.28976326029703486,0.23552820825545087,0.0,1,0.4718350252867562,-0.5350859359033744
1,1,2,1,0,-0.6344595496069935,-0.6601415692437526,-0.37298447669200024,0.23552820825545087,0.0,2,-0.7906693212478841,0.17091996387289948
1,0,0,1,1,-0.6973469695963838,-0.6601415692437526,-0.29660336027470324,0.23552820825545087,1.0,0,-0.8509026662663858,0.37103073024330396
1,1,2,1,0,1.0525130252756831,-0.07594129042674462,-0.12902091082182718,0.23552820825545087,0.0,2,0.987042845186647,-0.5784247643254145
1,0,0,0,0,-0.6052367708015147,-0.6601415692437526,0.7111713697684414,0.23552820825545087,1.0,1,-0.7626798486556435,0.8750264565838071
1,1,0,1,0,-0.029431137218361724,0.10137060282592855,-0.35246417675899505,0.23552820825545087,1.0,0,-8.987419649376757e-05,-0.4408432031293716
1,1,1,1,1,-0.005351567482647245,-0.5374368923185542,0.43870738732465,0.23552820825545087,1.0,2,-0.15409914818803835,-0.1276324166223452
0,1,2,1,0,-0.5785855965309181,-0.18265154600158803,0.42958725402109227,0.23552820825545087,1.0,2,-0.6047968316573329,0.3323826454048731
1,0,2,0,0,0.18167421687241667,-0.6601415692437526,1.6516851166978466,0.23552820825545087,1.0,1,-0.008979330691789333,0.14414450707075802
1,0,2,1,1,-0.4930213001884764,-0.6601415692437526,-0.9931535413339354,-2.8057255568794965,0.0,0,-0.6552002739014398,-0.4033402093803973
1,0,0,1,0,-0.49793072702779684,-0.6601415692437526,1.978869898962985,0.23552820825545087,0.0,2,-0.6599025052969362,1.341765327252681
1,1,0,0,0,0.7782864689650706,-0.6601415692437526,0.05338175524933019,0.23552820825545087,1.0,0,0.5624537417513943,-0.4810463956211302
1,0,2,1,0,-0.284721332863024,-0.6601415692437526,-0.0549198277304195,0.23552820825545087,0.0,0,-0.4556913132639489,-0.09078361197205927
0,1,1,1,0,1.430538891903356,-0.6601415692437526,0.592609636822189,-2.8057255568794965,1.0,0,1.1871787700102039,-0.49103144009929417
1,1,0,0,0,-0.663916110642916,0.44420052308303315,-0.08798031095581683,-2.8057255568794965,1.0,1,-0.5127674457740459,-0.051870938899683645
1,1,1,0,1,0.08184920447290131,-0.6601415692437526,-1.1288155242243587,0.23552820825545087,0.0,0,-0.10459136906688314,-0.6491275283633274
0,1,0,0,0,-0.5145292653893088,0.1060558373629012,-0.14840119409188784,2.2630307183454157,1.0,1,-0.4634164076994073,-0.1257359482308278
1,1,0,1,0,7.203323508252847,-0.6601415692437526,-0.8928320749947989,-0.7782230467895316,1.0,0,6.716331143771776,-0.8042649474509156
1,0,1,0,0,-0.35321952638306614,-0.6601415692437526,0.14002302163312988,0.23552820825545087,1.0,2,-0.5212986370201608,0.06664923570130064
1,0,2,0,1,-0.24661482930067968,0.2616379359527182,-0.22478231050918487,0.23552820825545087,1.0,1,-0.16368274360362137,-0.3405794864238639
1,1,1,1,0,-0.48647539773604914,-0.6601415692437526,-0.507506442919479,0.23552820825545087,1.0,0,-0.6489306320407778,-0.12775813324693033
1,0,2,0,0,1.2278496981085554,-0.6601415692437526,-0.3125635935559294,0.23552820825545087,1.0,0,0.9930437881104233,-0.609136903229611
1,1,0,0,0,-0.8226542451142765,1.6085620854265552,-0.4619057764016896,0.23552820825545087,0.0,0,-0.34205405453945215,-0.3395726796353548
0,1,2,1,0,2.0802197103067592,-0.6601415692437526,-0.4573457097499106,2.2630307183454157,0.0,1,1.8094407246808963,-0.6883779181662446
1,1,0,0,0,-0.794600377461017,-0.6601415692437526,-0.22250227718329554,0.23552820825545087,0.0,2,-0.9440516310533624,0.7675702656895101
1,0,0,1,0,-0.23515950000893204,1.6123587409996192,-0.30572349357826106,0.23552820825545087,1.0,1,0.22169870662442054,-0.4881592798268916
1,1,0,0,0,0.34111369803510866,0.5767603485170363,-0.6500085257875706,0.23552820825545087,0.0,1,0.4865910752373853,-0.61325841618152
1,0,0,1,0,-0.8588904908330702,-0.6601415692437526,0.3395259376484583,0.23552820825545087,1.0,1,-1.0056284707562917,1.8219377393099188
1,1,2,1,0,-0.11873594924790475,-0.6601415692437526,0.9061142191319908,0.23552820825545087,1.0,1,-0.29671110894002245,0.1490296358522785
1,1,0,1,1,0.489097849906053,-0.6601415692437526,-0.0469397110898065,0.23552820825545087,1.0,1,0.28546992097858154,-0.44128002422219603
1,1,0,1,0,-0.9867693708858452,-0.6601415692437526,-0.20996209389090353,0.23552820825545087,0.0,1,-1.1281104028199365,2.524817540386601
0,1,0,0,1,0.2352103476440537,-0.6601415692437526,2.7050605132587804,0.23552820825545087,0.0,1,0.0422973830971954,0.4006844022210111
0,1,3,0,0,-0.5023725894062296,-0.07505271146283608,-0.549687059448434,0.23552820825545087,1.0,2,-0.5019747051424779,-0.27961859297353153
1,0,1,0,0,-0.35321952638306614,-0.6601415692437526,0.14002302163312988,0.23552820825545087,1.0,2,-0.5212986370201608,0.06664923570130064
1,0,1,0,1,-0.80699083567454,0.5182756967106875,-0.669388809057631,0.23552820825545087,1.0,1,-0.629270826491988,-0.23931753371888992
1,0,2,1,0,0.8493562670199949,-0.6601415692437526,0.02374132201276686,0.23552820825545087,0.0,2,0.6305241390957234,-0.4996190255347295
1,1,0,1,0,0.07997894662935066,-0.6601415692437526,-0.9851734246933223,0.23552820825545087,0.0,1,-0.10638269531278653,-0.6036999072065241
1,1,1,1,0,0.34181504472644014,-0.6601415692437526,-0.25556276040869286,0.23552820825545087,0.0,2,0.14440297911368902,-0.4560656558732532
1,0,1,0,0,0.42504151876444357,0.37012534945537895,0.661010636598873,0.23552820825545087,1.0,0,0.5096991838095392,-0.344536552653187
1,1,1,1,0,-0.49909963818001596,1.6226985689432831,0.19816387144331124,0.23552820825545087,1.0,0,-0.028236087835250848,-0.26952791257564007
1,0,2,1,0,-0.6578377726513764,-0.26052337520230645,-1.298678007003124,0.23552820825545087,1.0,2,-0.7022897625906253,-0.5603394682550208
0,1,0,1,0,1.0022498457302595,1.4896540640744211,0.034001471979269525,0.23552820825545087,1.0,0,1.3728721269761646,-0.5939550297647176
1,1,0,1,0,-0.5493628177254394,1.1663728810233056,-0.41630510988390024,0.23552820825545087,1.0,1,-0.20286800523275816,-0.3880517193978056
1,0,2,0,0,-0.26742144781018057,-0.6601415692437526,-0.3718444600290556,0.23552820825545087,1.0,2,-0.43912154548934246,-0.2433839865722332
0,1,2,1,1,-0.9376751024926409,0.65123942167374,-0.0013390445720171493,0.23552820825545087,0.0,2,-0.7175832104150255,0.2828287222299874
1,1,0,0,0,-0.48647539773604914,0.47408908823268653,0.27226495453471894,0.23552820825545087,0.0,0,-0.3345304843066578,-0.0582870415492862
1,1,0,1,0,-0.6524607813511684,-0.30454842386868775,-0.45620569308696596,0.23552820825545087,1.0,1,-0.7093431096838699,-0.02182721708213232
1,1,0,1,0,-0.44135542726039,1.9139101293878784,-1.1310955575502482,0.23552820825545087,1.0,2,0.10779274896303834,-0.6792046637075089
1,1,2,1,0,-0.3466736239306389,-0.6601415692437526,0.6849509865207124,0.23552820825545087,1.0,0,-0.515028995159499,0.31977270625499193
1,1,0,1,0,-0.37916935396233126,-0.09153181224805033,-0.669388809057631,0.23552820825545087,1.0,1,-0.3885389706206453,-0.39919917278699
1,0,0,1,0,-0.6531621280424998,-0.6601415692437526,0.29962535444539257,0.23552820825545087,1.0,0,-0.808582583706918,0.7215256720445072
1,0,0,1,0,1.0020160634998159,-0.6601415692437526,1.1398176350356612,2.2630307183454157,0.0,1,0.7767411439175881,-0.32236671807036577
1,1,0,1,0,-0.9337008045750957,-0.6601415692437526,0.9927554855157904,0.23552820825545087,1.0,2,-1.0772815205924275,3.7826966106125393
1,0,0,1,1,-0.6973469695963838,-0.6601415692437526,-0.29660336027470324,0.23552820825545087,1.0,0,-0.8509026662663858,0.37103073024330396
1,1,0,1,0,-0.4588890945436772,-0.6601415692437526,0.10924257173362188,0.23552820825545087,1.0,0,-0.6225085699137027,0.1857833650627178
1,1,1,0,0,-0.7691181143426395,-0.6601415692437526,0.08986228846356153,-2.8057255568794965,1.0,2,-0.9196448109529287,0.9722444910321207
0,0,0,1,0,-0.45514857885657595,-0.6601415692437526,0.30646545442306095,0.23552820825545087,0.0,1,-0.618925917421896,0.2889927733751017
1,1,0,0,0,-0.13743852768341114,-0.6601415692437526,-0.764010192082044,-2.8057255568794965,0.0,1,-0.3146243713990564,-0.4686252116950837
1,0,0,1,1,-0.10470901542127495,1.2038547573190872,0.580069453529797,0.23552820825545087,1.0,2,0.23340950195701404,-0.27424216865075096
1,1,2,0,0,0.9316476121362229,3.1075947975403846,-0.9669331580862066,0.23552820825545087,1.0,2,1.7537304784333008,-0.7481054126256016
1,1,3,1,1,0.7011383329186067,-0.6601415692437526,-0.5918676759773891,0.23552820825545087,1.0,2,0.4885615341078791,-0.6013225614142674
1,1,0,0,0,1.203770128372841,-0.6601415692437526,1.4145616508053418,-2.8057255568794965,0.0,0,0.969980462694417,-0.3214279174318583
1,1,3,1,0,-0.39015711879319126,1.224372853394795,-0.39464479328795027,0.23552820825545087,0.0,1,-0.03430420549324869,-0.4424293666800447
1,1,2,1,0,-0.44743376525192957,-0.6601415692437526,0.20728400474686923,0.23552820825545087,1.0,2,-0.6115366966575444,0.2227783656138874
1,0,0,1,0,-0.5919111836662164,0.10080514348525939,0.4238871707063686,0.23552820825545087,1.0,0,-0.5389879836984569,0.22775918078943447
1,1,0,1,0,-0.3095022492900699,0.022367854943871838,0.11038258839656688,0.23552820825545087,1.0,1,-0.2902399428766965,-0.15291211904281335
0,1,0,0,0,0.9924309920516188,-0.6601415692437526,-0.8529314917917332,2.2630307183454157,1.0,0,0.7675605969073331,-0.6814822094876317
1,1,0,0,0,-0.4420567739517215,-0.26682420785547667,3.399330660992123,0.23552820825545087,1.0,1,-0.49736204005927664,1.5626870498708871
1,0,0,1,0,-0.7050617832010301,1.5810161375453884,-0.5405669261448761,0.23552820825545087,1.0,0,-0.23705994495143942,-0.4172132640052597
1,1,2,0,0,-0.427562275664204,-0.6601415692437526,-0.26468289371225057,-2.8057255568794965,1.0,0,-0.5925038552948209,-0.056194547111478664
1,1,1,0,1,0.40774163371160016,0.22399449984531705,0.04996170526049586,0.23552820825545087,0.0,0,0.45262305129944225,-0.459002236956045
1,1,0,0,0,3.53855326381537,-0.6601415692437526,3.224908111561579,0.23552820825545087,1.0,2,3.20622736492407,-0.4303459447698037
1,1,2,1,0,-0.9519358185497144,-0.6601415692437526,0.2905052211418346,0.23552820825545087,1.0,0,-1.0947469514899857,2.8920212877219083
1,1,0,0,0,-0.3882868609496406,0.2658384910548317,0.3805665375144686,0.23552820825545087,1.0,1,-0.2982113446709665,-0.04624954751916277
1,1,0,1,0,-0.7859504349345953,-0.6601415692437526,-0.42998530983923694,0.23552820825545087,0.0,1,-0.9357667471660592,0.5170696873749608
1,0,1,1,1,-0.3887544254105283,-0.6601415692437526,-0.9635131080973723,0.23552820825545087,1.0,0,-0.5553338356923253,-0.4475907563357847
1,1,0,1,0,-0.18910440061149755,-0.6601415692437526,-0.6728088590464654,0.23552820825545087,1.0,2,-0.36410975894213776,-0.4121958131043909
1,0,1,0,0,-0.1629207908017886,0.22270202135235914,-0.7959306586444965,-2.8057255568794965,1.0,1,-0.09431363473101248,-0.5472428203704602
1,1,0,0,0,-0.13276288307453454,0.09466587064370896,-0.9703532080750408,0.23552820825545087,0.0,1,-0.10091915026278125,-0.6001615555534243
1,1,2,0,0,-0.8140043025878548,-0.6601415692437526,-0.46418580972757895,0.23552820825545087,0.0,1,-0.9626366408546102,0.5875755877704376
1,0,1,0,0,-0.2732660035712763,0.12875499089547576,-1.3647989734539185,0.23552820825545087,1.0,2,-0.22604328853913336,-0.7094490224978943
1,0,1,1,0,1.9132991977698648,-0.6601415692437526,0.2129840880615929,0.23552820825545087,1.0,2,1.6495648572340182,-0.5946989686961376
1,1,0,1,0,6.631725954817683,-0.6601415692437526,0.19702385478036658,0.23552820825545087,1.0,1,6.168857059867551,-0.746608274250873
1,1,0,1,0,0.5258016600857343,-0.48703023109319277,4.216722608323497,0.23552820825545087,1.0,2,0.36860985036657296,0.49688401713075553
1,0,0,0,0,-0.9977571357167051,-0.6601415692437526,0.5641092202485707,0.23552820825545087,0.0,0,-1.1386344445146188,4.547762658909644
1,1,0,1,0,0.09727883168219408,-0.30567934255002593,-0.2806431269934769,0.23552820825545087,1.0,0,0.008441317049621241,-0.4228890488626483
1,1,0,0,0,-0.6615782883384778,0.3819192157036205,-0.7742703420485465,0.23552820825545087,1.0,1,-0.5277921946615606,-0.36982229729606014
0,1,0,1,0,-0.6045354241101832,1.3309215491580189,-1.1903764240233743,2.2630307183454157,0.0,0,-0.21010048495059316,-0.6514005871765204
0,1,0,1,1,-0.8313041876406982,-0.47644806343209933,0.6028697867886916,0.23552820825545087,1.0,0,-0.9282879600894126,1.5325004061034164
1,0,0,1,0,-1.0169272786130992,-0.6601415692437526,-1.2781577070701189,0.23552820825545087,1.0,0,-1.1569955385351287,0.3992153020829435
1,1,0,1,0,-0.1145278690999158,-0.6601415692437526,-0.050359761078640826,0.23552820825545087,1.0,0,-0.2926806248867398,-0.21108814395412556
0,1,0,0,0,-0.39015711879319126,-0.6601415692437526,-0.7070093589348073,0.23552820825545087,1.0,1,-0.5566773303767529,-0.3174269239382258
1,1,2,1,1,2.910146628382355,-0.6601415692437526,1.902488782545688,0.23552820825545087,1.0,0,2.6043417463005287,-0.49351209365093035
1,1,3,1,1,-0.7452723268373689,-0.6601415692437526,-1.200636573989877,0.23552820825545087,0.0,0,-0.8968054013176604,-0.3319105763498294
1,1,2,0,1,-0.2655511899666299,-0.6601415692437526,-0.3672843933772766,0.23552820825545087,1.0,0,-0.43733021924343907,-0.24264980360222954
1,1,1,1,0,-0.1865327960766154,-0.6601415692437526,0.536748820337897,0.23552820825545087,1.0,1,-0.36164668535402056,0.07016014798708585
1,0,0,1,1,-0.6931388894483947,-0.6601415692437526,0.2380644546463769,0.23552820825545087,0.0,2,-0.8468721822131031,0.8029774811853188
1,1,2,1,0,-0.5584803247127488,0.6302366461631729,0.3053254377601163,0.23552820825545087,1.0,0,-0.3602136243572979,-0.023599712482102585
1,1,2,1,0,5.110037416858795,0.9482671353366461,-0.7685702587338229,0.23552820825545087,1.0,0,5.157227954071681,-0.7873540383054837
1,0,0,1,0,-0.587001756826896,-0.2899272609171005,-0.22478231050918487,0.23552820825545087,1.0,1,-0.6425938154458946,0.02666571836721176
1,1,0,1,0,-0.9294927244271068,-0.4284647993810342,-0.00475909456085148,-2.8057255568794965,0.0,1,-1.0090319906235081,1.408962400638789
1,0,2,1,0,-0.5187373455372977,-0.19000251743028657,-0.7674302420708782,2.2630307183454157,1.0,2,-0.5495120253931393,-0.352661375892574
1,0,0,1,0,-0.13837365660518644,-0.6601415692437526,-1.1162753409319666,0.23552820825545087,1.0,0,-0.3155200345220081,-0.6024925890238676
0,0,0,1,0,-0.6417067987507522,-0.3538241664127108,0.2905052211418346,0.23552820825545087,1.0,2,-0.7127018463949388,0.45988678788438614
1,1,0,1,0,0.9828459206034217,0.32957383673882223,-0.09938047758526418,0.23552820825545087,1.0,0,1.0327216644571837,-0.5788693596114216
1,1,0,1,0,-0.20640428566434096,0.06203078869651993,-0.6500085257875706,0.23552820825545087,0.0,0,-0.18049881873703957,-0.47546978954312225
1,1,0,1,0,0.07951138216846301,0.3841810530662969,-0.1769016106655062,0.23552820825545087,1.0,1,0.1826477944637266,-0.44618865981666156
1,1,1,0,0,-0.5916774014357726,-0.6601415692437526,-1.522121272940292,0.23552820825545087,1.0,0,-0.7496927333728439,-0.6881917948760309
0,1,1,1,0,2.0739075900847754,-0.2187601638986017,0.2437645379611006,0.23552820825545087,1.0,0,1.9257425811961744,-0.6125033800584617
1,1,3,1,0,0.9891580408254051,-0.02706944741177092,-0.3319438768259899,0.23552820825545087,0.0,1,0.9399085733413138,-0.606799235756549
1,1,2,1,0,0.3025396300118767,-0.07642596986160388,-1.2872778403736767,0.23552820825545087,0.0,1,0.2685866711109421,-0.7334850823103277
1,1,0,1,0,-0.3730910159707917,0.65762103423272,1.5422435170551518,0.23552820825545087,0.0,2,-0.17505766526510796,0.25364843684473326
1,1,0,1,0,1.0258618510050863,-0.6601415692437526,-0.9486928914790907,0.23552820825545087,1.0,0,0.7995805535528564,-0.7010712571829076
1,1,0,1,1,2.2712197925793682,-0.6601415692437526,-0.4014848932656186,0.23552820825545087,1.0,2,1.9923799175437806,-0.6906869763266681
1,0,0,1,0,0.3315286265869116,-0.6601415692437526,-0.4049049432544529,0.23552820825545087,0.0,2,0.13455068476122034,-0.4924401325326088
0,1,0,1,0,-0.48881322004048744,0.2870028263770187,-0.4049049432544529,0.23552820825545087,0.0,2,-0.38862853693294047,-0.2903032578160757
0,1,0,1,0,-0.05912148048472812,-0.6601415692437526,0.31444557106367393,-2.8057255568794965,1.0,1,-0.23961258485185166,-0.11376045785528337
1,1,1,1,0,0.725451684884765,1.458957699866669,-0.6032678426068365,-4.427727564951469,1.0,1,1.0992470429144208,-0.6649892541926085
1,1,0,1,0,-0.06823898747203748,-0.6601415692437526,-0.8358312418475622,-2.8057255568794965,1.0,1,-0.24834530030063073,-0.5179319419441524
1,1,1,0,0,-0.8011462799134442,0.03222300345267649,-0.6283482091916206,0.23552820825545087,1.0,1,-0.7584030572435492,-0.06651489186989269
1,1,2,0,0,-0.6386676297549825,1.609369884484654,-0.26240286038636124,0.23552820825545087,1.0,0,-0.16560841931796758,-0.35216221285200955
1,1,0,0,0,-0.7431682867633744,-0.6601415692437526,0.12406278835190356,0.23552820825545087,1.0,2,-0.894790159291019,0.8923869670234295
1,1,0,1,0,4.110150817250534,-0.6601415692437526,-0.6728088590464654,0.23552820825545087,1.0,0,3.753701448828296,-0.7644001302088588
1,1,2,0,0,-0.15543975942758603,-0.6601415692437526,0.15370322158846655,0.23552820825545087,0.0,2,-0.3318658865158766,-0.10638528546306486
1,1,0,0,0,-0.2232366062562967,-0.6601415692437526,-0.5154865595600919,0.23552820825545087,1.0,0,-0.3968014629298747,-0.3312105518048198
1,1,1,1,0,-0.4913848245753696,0.2974234342264925,-0.44366550979457375,0.23552820825545087,1.0,0,-0.3882030969495384,-0.306506932392677
1,0,0,0,0,-0.9977571357167051,-0.6601415692437526,0.5641092202485707,0.23552820825545087,0.0,0,-1.1386344445146188,4.547762658909644
1,0,2,0,0,0.5957025469884394,0.00023416075196641377,-0.18830177729495354,0.23552820825545087,0.0,1,0.5706266677483285,-0.5310853009178108
1,0,0,1,0,-0.6293163405372292,0.21131205463316682,-0.4630457930646343,0.23552820825545087,1.0,2,-0.5441828298115766,-0.20506143475004746
1,1,0,1,0,-0.676306568856439,-0.013094523706662775,-0.9566730081197039,0.23552820825545087,1.0,2,-0.651393705628895,-0.38483018698700866
0,1,0,1,0,-0.10143606419506133,-0.19670724961250607,0.23122435466870858,0.23552820825545087,1.0,1,-0.1516808577560687,-0.19690918048290323
1,1,0,0,0,-0.6816835601566471,-0.06891343862128564,-0.4573457097499106,0.23552820825545087,1.0,1,-0.6720163490348579,-0.0714310602454384
1,1,2,0,0,-0.6826186890784225,-0.6601415692437526,-0.8096108585998334,0.23552820825545087,1.0,1,-0.8367959720798965,-0.08159553110720555
1,1,0,1,1,-0.5236467723766182,0.576275669082177,-0.48242607633469475,-0.7782230467895316,1.0,0,-0.3418077471806404,-0.3477350930931043
1,0,0,1,0,-0.6187961401672569,-0.6601415692437526,-0.9931535413339354,0.23552820825545087,1.0,1,-0.7756669639384431,-0.30193025389262623
1,1,0,1,0,1.0670075235632004,0.4622144420786352,-0.4721659263681921,0.23552820825545087,0.0,2,1.1500983167200034,-0.6486483948845579
1,1,0,1,0,0.16367298512824177,1.216214082907998,3.0299652621980293,0.23552820825545087,1.0,0,0.49389072968944175,0.15509977254782714
1,0,0,1,0,1.2315902137956567,-0.45391046971114446,-0.3319438768259899,0.23552820825545087,0.0,1,1.053792139424622,-0.6182977066221981
0,1,2,1,0,0.0007267705088923327,-0.19509165149630858,0.23920447130932157,0.23552820825545087,0.0,2,-0.053381830012119824,-0.24558115600541097
1,1,0,1,0,-0.47221468167897557,-0.6601415692437526,-0.19514187727262186,0.23552820825545087,1.0,1,-0.6352717694157645,0.033793123892343076
1,1,3,0,0,-0.19939081875102604,-0.6601415692437526,-1.0307740912111116,0.23552820825545087,0.0,1,-0.3739620532946064,-0.552586974853896
1,1,1,1,0,-0.5189711277677416,-0.6601415692437526,0.3235657043672319,2.2630307183454157,1.0,1,-0.6800549255633493,0.41116637962270414
1,1,0,1,0,1.7674190859729149,-0.6601415692437526,-1.23027700722644,0.23552820825545087,1.0,1,1.509841410053553,-0.774888986134055
1,0,0,1,0,-0.4609931346176717,-0.1988883070693727,0.06706195520466687,0.23552820825545087,1.0,0,-0.4966679011389891,0.004633920090951156
1,1,3,1,1,-0.8076921823658715,-0.6601415692437526,0.29278525446772424,0.23552820825545087,0.0,0,-0.9565909147746863,1.3896945238780813
1,0,0,1,0,-0.5666627027782828,-0.6601415692437526,2.7039204965958357,-0.7782230467895316,1.0,1,-0.725733744833886,2.0662282170298476
0,1,0,1,0,1.093658697833797,-0.6601415692437526,-0.6146680092362838,0.23552820825545087,1.0,2,0.8645161299668546,-0.647502956660654
1,0,0,1,0,13.069621016779871,-0.31496903171816143,-0.9179124415795831,0.23552820825545087,1.0,1,12.430729042937834,-0.8216605701917894
